Jenis Kelamin,Jarak Tempat Tinggal kekampus (Km),Tahun Lulus,SKS,Ikut Organisasi,Ikut UKM,IPK,Pekerjaan Orang Tua,Penghasilan,Tanggungan,Status Beasiswa,Ground_Truth,Cluster_KMeans,Cluster_DBSCAN,Cluster_Agglomerative,Cluster_KMeans_Label,Ground_Truth_Label,Tipe_Anomali
P,Dekat,2020.0,19.0,Ikut,Ikut,3.86,Nelayan,Rendah,3.0,Terima,1,1,0,0,Tidak Layak,Terima,Salah Terima
P,Dekat,2020.0,20.0,Ikut,Tidak,3.42,Structural Analysis Engineer,Tinggi,2.0,Terima,1,1,0,0,Tidak Layak,Terima,Salah Terima
L,Dekat,2018.0,21.0,Tidak,Tidak,3.5,Environmental Specialist,Sedang,4.0,Terima,1,1,0,0,Tidak Layak,Terima,Salah Terima
L,Jauh,2018.0,20.0,Tidak,Ikut,3.33,Nurse Practicioner,Tinggi,4.0,Terima,1,1,0,0,Tidak Layak,Terima,Salah Terima
P,Dekat,2019.0,20.0,Ikut,Tidak,3.42,GIS Technical Architect,Rendah,3.0,Terima,1,1,0,0,Tidak Layak,Terima,Salah Terima
P,Jauh,2020.0,18.0,Ikut,Ikut,3.4,Social Worker,Sedang,5.0,Terima,1,1,0,0,Tidak Layak,Terima,Salah Terima
P,Jauh,2019.0,18.0,Ikut,Ikut,3.76,Legal Assistant,Rendah,3.0,Terima,1,1,0,0,Tidak Layak,Terima,Salah Terima
P,Jauh,2020.0,21.0,Tidak,Tidak,3.5,Structural Analysis Engineer,Sedang,5.0,Terima,1,1,0,0,Tidak Layak,Terima,Salah Terima
P,Jauh,2019.0,18.0,Ikut,Tidak,3.19,Physical Therapy Assistant,Tinggi,1.0,Terima,1,1,0,0,Tidak Layak,Terima,Salah Terima
L,Dekat,2018.0,20.0,Tidak,Tidak,3.17,Geologist IV,Rendah,4.0,Terima,1,1,0,0,Tidak Layak,Terima,Salah Terima
L,Dekat,2018.0,18.0,Ikut,Ikut,3.17,Food Chemist,Rendah,4.0,Terima,1,1,0,0,Tidak Layak,Terima,Salah Terima
L,Jauh,2019.0,21.0,Tidak,Tidak,3.18,VP Sales,Tinggi,5.0,Terima,1,1,0,0,Tidak Layak,Terima,Salah Terima
L,Dekat,2018.0,21.0,Tidak,Tidak,3.57,Research Nurse,Sedang,2.0,Terima,1,1,0,0,Tidak Layak,Terima,Salah Terima
L,Jauh,2020.0,18.0,Ikut,Ikut,3.41,Assistant Manager,Rendah,5.0,Terima,1,1,0,0,Tidak Layak,Terima,Salah Terima
P,Jauh,2019.0,18.0,Ikut,Ikut,3.33,Marketing Manager,Tinggi,2.0,Terima,1,1,0,0,Tidak Layak,Terima,Salah Terima
P,Jauh,2020.0,21.0,Ikut,Tidak,3.15,Web Designer IV,Sedang,2.0,Terima,1,1,0,0,Tidak Layak,Terima,Salah Terima
L,Dekat,2019.0,18.0,Tidak,Tidak,3.68,Software Engineer IV,Sedang,1.0,Terima,1,1,0,0,Tidak Layak,Terima,Salah Terima
P,Dekat,2018.0,21.0,Tidak,Tidak,3.39,Web Developer III,Sedang,4.0,Terima,1,1,0,0,Tidak Layak,Terima,Salah Terima
P,Jauh,2018.0,18.0,Ikut,Tidak,3.13,Director of Sales,Sedang,2.0,Terima,1,1,0,0,Tidak Layak,Terima,Salah Terima
L,Jauh,2018.0,18.0,Tidak,Ikut,3.57,Help Desk Technician,Tinggi,3.0,Terima,1,1,0,0,Tidak Layak,Terima,Salah Terima
P,Dekat,2019.0,18.0,Tidak,Tidak,3.11,Staff Scientist,Sedang,1.0,Terima,1,1,0,0,Tidak Layak,Terima,Salah Terima
L,Jauh,2018.0,21.0,Ikut,Tidak,3.0,Nurse Practicioner,Tinggi,4.0,Terima,1,1,0,0,Tidak Layak,Terima,Salah Terima
L,Jauh,2020.0,20.0,Ikut,Ikut,3.11,Account Executive,Tinggi,2.0,Terima,1,1,0,0,Tidak Layak,Terima,Salah Terima
L,Jauh,2020.0,18.0,Tidak,Tidak,3.85,Statistician II,Tinggi,2.0,Terima,1,1,0,0,Tidak Layak,Terima,Salah Terima
P,Jauh,2018.0,20.0,Tidak,Tidak,3.1,Safety Technician IV,Tinggi,4.0,Terima,1,1,0,0,Tidak Layak,Terima,Salah Terima
L,Dekat,2020.0,20.0,Ikut,Ikut,3.19,Administrative Officer,Tinggi,4.0,Terima,1,1,0,0,Tidak Layak,Terima,Salah Terima
P,Jauh,2018.0,21.0,Ikut,Tidak,3.13,Database Administrator I,Tinggi,1.0,Terima,1,1,0,0,Tidak Layak,Terima,Salah Terima
P,Jauh,2018.0,18.0,Ikut,Ikut,3.76,Financial Advisor,Tinggi,5.0,Terima,1,1,0,0,Tidak Layak,Terima,Salah Terima
L,Jauh,2019.0,18.0,Tidak,Ikut,3.76,Web Designer I,Sedang,4.0,Terima,1,1,0,0,Tidak Layak,Terima,Salah Terima
P,Dekat,2018.0,20.0,Tidak,Tidak,3.57,Internal Auditor,Rendah,2.0,Terima,1,1,0,0,Tidak Layak,Terima,Salah Terima
L,Jauh,2019.0,20.0,Ikut,Tidak,3.12,Assistant Media Planner,Tinggi,4.0,Terima,1,1,0,0,Tidak Layak,Terima,Salah Terima
P,Jauh,2018.0,21.0,Ikut,Ikut,3.12,Staff Accountant I,Tinggi,5.0,Terima,1,1,0,0,Tidak Layak,Terima,Salah Terima
L,Dekat,2020.0,21.0,Ikut,Ikut,3.76,VP Marketing,Rendah,5.0,Terima,1,1,0,0,Tidak Layak,Terima,Salah Terima
L,Jauh,2019.0,18.0,Ikut,Tidak,3.1,Mechanical Systems Engineer,Rendah,1.0,Terima,1,1,0,0,Tidak Layak,Terima,Salah Terima
L,Dekat,2018.0,21.0,Ikut,Tidak,3.17,Tax Accountant,Tinggi,2.0,Terima,1,1,0,0,Tidak Layak,Terima,Salah Terima
L,Jauh,2019.0,20.0,Ikut,Ikut,3.13,Director of Sales,Rendah,4.0,Terima,1,1,0,0,Tidak Layak,Terima,Salah Terima
P,Jauh,2018.0,18.0,Tidak,Tidak,3.11,Analog Circuit Design manager,Sedang,1.0,Terima,1,1,0,0,Tidak Layak,Terima,Salah Terima
L,Dekat,2018.0,20.0,Ikut,Tidak,3.17,Quality Engineer,Sedang,3.0,Terima,1,1,0,0,Tidak Layak,Terima,Salah Terima
L,Dekat,2018.0,18.0,Ikut,Tidak,3.57,Executive Secretary,Tinggi,1.0,Terima,1,1,0,0,Tidak Layak,Terima,Salah Terima
L,Jauh,2019.0,20.0,Ikut,Tidak,3.57,Help Desk Operator,Sedang,2.0,Terima,1,1,0,0,Tidak Layak,Terima,Salah Terima
P,Dekat,2018.0,21.0,Tidak,Tidak,3.11,Structural Analysis Engineer,Tinggi,4.0,Terima,1,1,0,0,Tidak Layak,Terima,Salah Terima
P,Dekat,2018.0,21.0,Ikut,Ikut,3.41,Assistant Media Planner,Rendah,5.0,Terima,1,1,0,0,Tidak Layak,Terima,Salah Terima
L,Dekat,2019.0,21.0,Tidak,Tidak,3.17,Teacher,Sedang,3.0,Terima,1,1,0,0,Tidak Layak,Terima,Salah Terima
L,Jauh,2018.0,18.0,Ikut,Ikut,3.13,Nurse Practicioner,Rendah,5.0,Terima,1,1,0,0,Tidak Layak,Terima,Salah Terima
P,Jauh,2020.0,18.0,Ikut,Ikut,3.14,Computer Systems Analyst I,Tinggi,4.0,Terima,1,1,0,0,Tidak Layak,Terima,Salah Terima
P,Jauh,2019.0,18.0,Ikut,Tidak,3.13,Cost Accountant,Sedang,3.0,Terima,1,1,0,0,Tidak Layak,Terima,Salah Terima
P,Jauh,2019.0,21.0,Ikut,Tidak,3.5,Sales Representative,Rendah,5.0,Terima,1,1,0,0,Tidak Layak,Terima,Salah Terima
L,Dekat,2019.0,20.0,Tidak,Tidak,3.0,Junior Executive,Tinggi,4.0,Terima,1,1,0,0,Tidak Layak,Terima,Salah Terima
L,Jauh,2018.0,18.0,Ikut,Ikut,3.57,Internal Auditor,Tinggi,2.0,Terima,1,1,0,0,Tidak Layak,Terima,Salah Terima
L,Dekat,2020.0,21.0,Ikut,Tidak,3.19,Nurse,Rendah,4.0,Terima,1,1,0,0,Tidak Layak,Terima,Salah Terima
P,Dekat,2019.0,20.0,Tidak,Tidak,3.15,Administrative Officer,Rendah,3.0,Terima,1,1,0,0,Tidak Layak,Terima,Salah Terima
L,Jauh,2020.0,18.0,Tidak,Tidak,3.0,Technical Writer,Tinggi,2.0,Terima,1,1,0,0,Tidak Layak,Terima,Salah Terima
L,Dekat,2019.0,18.0,Tidak,Ikut,3.15,Assistant Professor,Rendah,3.0,Terima,1,1,0,1,Tidak Layak,Terima,Salah Terima
P,Jauh,2018.0,20.0,Tidak,Tidak,3.12,Nurse,Tinggi,2.0,Terima,1,1,0,0,Tidak Layak,Terima,Salah Terima
L,Dekat,2020.0,18.0,Tidak,Tidak,3.15,Electrical Engineer,Sedang,3.0,Terima,1,1,0,0,Tidak Layak,Terima,Salah Terima
L,Jauh,2018.0,20.0,Ikut,Ikut,3.1,Accounting Assistant I,Tinggi,4.0,Terima,1,1,0,0,Tidak Layak,Terima,Salah Terima
L,Dekat,2019.0,21.0,Ikut,Tidak,3.18,Senior Sales Associate,Tinggi,4.0,Terima,1,1,0,0,Tidak Layak,Terima,Salah Terima
L,Dekat,2018.0,20.0,Tidak,Tidak,3.76,Product Engineer,Tinggi,1.0,Terima,1,1,0,0,Tidak Layak,Terima,Salah Terima
P,Dekat,2019.0,20.0,Ikut,Ikut,3.14,Biostatistician I,Rendah,5.0,Terima,1,1,0,0,Tidak Layak,Terima,Salah Terima
P,Jauh,2019.0,20.0,Tidak,Tidak,3.4,Design Engineer,Sedang,2.0,Terima,1,1,0,0,Tidak Layak,Terima,Salah Terima
P,Jauh,2019.0,18.0,Ikut,Tidak,3.14,Research Associate,Sedang,4.0,Terima,1,1,0,0,Tidak Layak,Terima,Salah Terima
P,Dekat,2018.0,18.0,Ikut,Tidak,3.18,Environmental Tech,Sedang,2.0,Terima,1,1,0,0,Tidak Layak,Terima,Salah Terima
L,Jauh,2020.0,20.0,Tidak,Tidak,3.19,Database Administrator I,Rendah,4.0,Terima,1,1,0,0,Tidak Layak,Terima,Salah Terima
P,Jauh,2018.0,20.0,Ikut,Tidak,3.18,Graphic Designer,Tinggi,5.0,Terima,1,1,0,0,Tidak Layak,Terima,Salah Terima
P,Jauh,2020.0,21.0,Tidak,Tidak,3.17,Programmer Analyst III,Sedang,5.0,Terima,1,1,0,0,Tidak Layak,Terima,Salah Terima
L,Dekat,2019.0,18.0,Tidak,Ikut,3.76,Help Desk Operator,Tinggi,4.0,Terima,1,1,0,0,Tidak Layak,Terima,Salah Terima
L,Jauh,2018.0,18.0,Ikut,Ikut,3.0,Help Desk Operator,Rendah,2.0,Terima,1,1,0,0,Tidak Layak,Terima,Salah Terima
P,Jauh,2020.0,18.0,Tidak,Tidak,3.15,Environmental Specialist,Sedang,4.0,Terima,1,1,0,0,Tidak Layak,Terima,Salah Terima
L,Jauh,2019.0,21.0,Ikut,Tidak,3.14,Account Coordinator,Tinggi,2.0,Terima,1,1,0,0,Tidak Layak,Terima,Salah Terima
L,Jauh,2018.0,21.0,Tidak,Tidak,3.57,Quality Engineer,Sedang,4.0,Terima,1,1,0,0,Tidak Layak,Terima,Salah Terima
P,Dekat,2018.0,20.0,Tidak,Tidak,3.85,Speech Pathologist,Tinggi,5.0,Terima,1,1,0,0,Tidak Layak,Terima,Salah Terima
P,Jauh,2018.0,18.0,Ikut,Ikut,3.5,Quality Control Specialist,Rendah,4.0,Terima,1,1,0,0,Tidak Layak,Terima,Salah Terima
L,Dekat,2019.0,20.0,Tidak,Tidak,3.19,Operator,Rendah,3.0,Terima,1,1,0,0,Tidak Layak,Terima,Salah Terima
P,Dekat,2020.0,18.0,Ikut,Ikut,3.14,Food Chemist,Tinggi,3.0,Terima,1,1,0,0,Tidak Layak,Terima,Salah Terima
L,Jauh,2019.0,18.0,Tidak,Ikut,3.15,Editor,Tinggi,4.0,Terima,1,1,0,0,Tidak Layak,Terima,Salah Terima
L,Jauh,2020.0,18.0,Ikut,Tidak,3.33,Director of Sales,Rendah,3.0,Terima,1,1,0,0,Tidak Layak,Terima,Salah Terima
P,Dekat,2019.0,20.0,Tidak,Ikut,3.16,Geological Engineer,Rendah,5.0,Terima,1,1,0,1,Tidak Layak,Terima,Salah Terima
L,Jauh,2019.0,18.0,Ikut,Ikut,3.39,Food Chemist,Sedang,2.0,Terima,1,1,0,0,Tidak Layak,Terima,Salah Terima
L,Dekat,2018.0,18.0,Ikut,Tidak,3.11,Compensation Analyst,Rendah,3.0,Terima,1,1,0,0,Tidak Layak,Terima,Salah Terima
P,Dekat,2019.0,20.0,Ikut,Tidak,3.33,Health Coach II,Rendah,4.0,Terima,1,1,0,0,Tidak Layak,Terima,Salah Terima
L,Dekat,2018.0,21.0,Tidak,Tidak,3.42,Senior Sales Associate,Sedang,3.0,Terima,1,1,0,0,Tidak Layak,Terima,Salah Terima
P,Jauh,2019.0,21.0,Ikut,Ikut,3.5,Tax Accountant,Tinggi,5.0,Terima,1,1,0,0,Tidak Layak,Terima,Salah Terima
L,Jauh,2019.0,18.0,Ikut,Ikut,3.12,Geological Engineer,Tinggi,3.0,Terima,1,1,0,0,Tidak Layak,Terima,Salah Terima
L,Jauh,2018.0,20.0,Tidak,Tidak,3.39,Internal Auditor,Sedang,4.0,Terima,1,1,0,0,Tidak Layak,Terima,Salah Terima
L,Dekat,2020.0,20.0,Tidak,Tidak,3.54,Legal Assistant,Rendah,2.0,Terima,1,1,0,0,Tidak Layak,Terima,Salah Terima
L,Jauh,2020.0,20.0,Tidak,Tidak,3.13,Office Assistant I,Sedang,4.0,Terima,1,1,0,0,Tidak Layak,Terima,Salah Terima
L,Jauh,2018.0,21.0,Ikut,Ikut,3.76,Assistant Manager,Sedang,5.0,Terima,1,1,0,0,Tidak Layak,Terima,Salah Terima
P,Dekat,2020.0,18.0,Ikut,Ikut,3.1,Product Engineer,Tinggi,5.0,Terima,1,1,0,0,Tidak Layak,Terima,Salah Terima
P,Dekat,2019.0,20.0,Tidak,Tidak,3.54,Electrical Engineer,Sedang,1.0,Terima,1,1,0,0,Tidak Layak,Terima,Salah Terima
L,Dekat,2018.0,18.0,Ikut,Tidak,3.1,Clinical Specialist,Tinggi,5.0,Terima,1,1,0,0,Tidak Layak,Terima,Salah Terima
P,Dekat,2018.0,18.0,Ikut,Ikut,3.54,Web Developer III,Sedang,5.0,Terima,1,1,0,0,Tidak Layak,Terima,Salah Terima
L,Dekat,2019.0,20.0,Ikut,Tidak,3.1,Electrical Engineer,Rendah,3.0,Terima,1,1,0,0,Tidak Layak,Terima,Salah Terima
L,Jauh,2018.0,21.0,Tidak,Tidak,3.18,Senior Editor,Tinggi,1.0,Terima,1,1,0,0,Tidak Layak,Terima,Salah Terima
P,Jauh,2020.0,18.0,Ikut,Tidak,3.42,Compensation Analyst,Tinggi,5.0,Terima,1,1,0,0,Tidak Layak,Terima,Salah Terima
L,Jauh,2020.0,18.0,Tidak,Ikut,3.41,Internal Auditor,Rendah,3.0,Terima,1,1,0,1,Tidak Layak,Terima,Salah Terima
P,Dekat,2020.0,21.0,Ikut,Tidak,3.4,Executive Secretary,Tinggi,2.0,Terima,1,1,0,0,Tidak Layak,Terima,Salah Terima
L,Jauh,2018.0,21.0,Ikut,Ikut,3.76,VP Accounting,Rendah,1.0,Terima,1,1,0,0,Tidak Layak,Terima,Salah Terima
P,Jauh,2018.0,20.0,Ikut,Ikut,3.4,Business Systems Development Analyst,Rendah,4.0,Terima,1,1,0,0,Tidak Layak,Terima,Salah Terima
P,Jauh,2020.0,18.0,Tidak,Tidak,3.17,Web Designer IV,Sedang,3.0,Terima,1,1,0,0,Tidak Layak,Terima,Salah Terima
P,Jauh,2018.0,21.0,Ikut,Ikut,3.12,Software Test Engineer IV,Sedang,3.0,Terima,1,1,0,0,Tidak Layak,Terima,Salah Terima
L,Jauh,2019.0,18.0,Tidak,Ikut,3.15,Research Nurse,Tinggi,3.0,Terima,1,1,0,0,Tidak Layak,Terima,Salah Terima
L,Dekat,2018.0,20.0,Ikut,Tidak,3.16,Financial Advisor,Sedang,2.0,Terima,1,1,0,0,Tidak Layak,Terima,Salah Terima
P,Dekat,2018.0,18.0,Ikut,Tidak,3.12,Human Resources Assistant II,Sedang,2.0,Terima,1,1,0,0,Tidak Layak,Terima,Salah Terima
L,Jauh,2018.0,18.0,Ikut,Tidak,3.5,Biostatistician III,Sedang,3.0,Terima,1,1,0,0,Tidak Layak,Terima,Salah Terima
L,Jauh,2018.0,21.0,Ikut,Ikut,3.19,Social Worker,Rendah,5.0,Terima,1,1,0,0,Tidak Layak,Terima,Salah Terima
P,Jauh,2019.0,21.0,Ikut,Ikut,3.17,Food Chemist,Rendah,2.0,Terima,1,1,0,0,Tidak Layak,Terima,Salah Terima
P,Dekat,2020.0,18.0,Tidak,Tidak,3.5,Office Assistant IV,Rendah,3.0,Terima,1,1,0,0,Tidak Layak,Terima,Salah Terima
L,Dekat,2019.0,21.0,Ikut,Ikut,3.1,Analyst Programmer,Sedang,3.0,Terima,1,1,0,0,Tidak Layak,Terima,Salah Terima
L,Jauh,2019.0,20.0,Ikut,Ikut,3.15,Sales Associate,Tinggi,5.0,Terima,1,1,0,0,Tidak Layak,Terima,Salah Terima
L,Dekat,2020.0,21.0,Tidak,Tidak,3.0,Graphic Designer,Sedang,3.0,Terima,1,1,0,0,Tidak Layak,Terima,Salah Terima
P,Dekat,2019.0,18.0,Tidak,Ikut,3.18,Environmental Tech,Sedang,3.0,Terima,1,1,0,1,Tidak Layak,Terima,Salah Terima
L,Jauh,2018.0,20.0,Ikut,Tidak,3.16,Accountant III,Tinggi,2.0,Terima,1,1,0,0,Tidak Layak,Terima,Salah Terima
P,Jauh,2019.0,21.0,Tidak,Tidak,3.41,Data Coordinator,Tinggi,1.0,Terima,1,1,0,0,Tidak Layak,Terima,Salah Terima
P,Jauh,2019.0,20.0,Ikut,Tidak,3.12,Information Systems Manager,Rendah,5.0,Terima,1,1,0,0,Tidak Layak,Terima,Salah Terima
L,Jauh,2019.0,18.0,Ikut,Ikut,3.14,Accounting Assistant II,Rendah,1.0,Terima,1,1,0,0,Tidak Layak,Terima,Salah Terima
L,Jauh,2019.0,18.0,Tidak,Tidak,3.4,Help Desk Technician,Sedang,1.0,Terima,1,1,0,0,Tidak Layak,Terima,Salah Terima
L,Dekat,2019.0,18.0,Ikut,Ikut,3.0,Marketing Assistant,Sedang,4.0,Terima,1,1,0,0,Tidak Layak,Terima,Salah Terima
P,Dekat,2018.0,20.0,Ikut,Tidak,3.13,Senior Editor,Rendah,5.0,Terima,1,1,0,0,Tidak Layak,Terima,Salah Terima
P,Jauh,2018.0,21.0,Ikut,Tidak,3.54,Software Test Engineer I,Tinggi,5.0,Terima,1,1,0,0,Tidak Layak,Terima,Salah Terima
L,Jauh,2019.0,18.0,Tidak,Ikut,3.57,Physical Therapy Assistant,Tinggi,3.0,Terima,1,1,0,0,Tidak Layak,Terima,Salah Terima
P,Jauh,2019.0,21.0,Tidak,Tidak,3.85,Senior Quality Engineer,Sedang,5.0,Terima,1,1,0,0,Tidak Layak,Terima,Salah Terima
P,Jauh,2018.0,20.0,Ikut,Tidak,3.14,Physical Therapy Assistant,Sedang,1.0,Terima,1,1,0,0,Tidak Layak,Terima,Salah Terima
L,Dekat,2019.0,20.0,Ikut,Tidak,3.57,Social Worker,Rendah,3.0,Terima,1,1,0,0,Tidak Layak,Terima,Salah Terima
L,Dekat,2018.0,21.0,Ikut,Ikut,3.16,Desktop Support Technician,Sedang,4.0,Terima,1,1,0,0,Tidak Layak,Terima,Salah Terima
L,Jauh,2018.0,21.0,Tidak,Ikut,3.57,Marketing Assistant,Sedang,1.0,Terima,1,1,0,1,Tidak Layak,Terima,Salah Terima
P,Dekat,2018.0,18.0,Tidak,Tidak,3.1,Project Manager,Rendah,2.0,Terima,1,1,0,0,Tidak Layak,Terima,Salah Terima
P,Dekat,2020.0,18.0,Ikut,Ikut,3.11,Automation Specialist IV,Rendah,1.0,Terima,1,1,0,0,Tidak Layak,Terima,Salah Terima
P,Jauh,2019.0,18.0,Ikut,Tidak,3.42,Administrative Officer,Sedang,1.0,Terima,1,1,0,0,Tidak Layak,Terima,Salah Terima
L,Dekat,2020.0,18.0,Tidak,Tidak,3.18,Payment Adjustment Coordinator,Rendah,5.0,Terima,1,1,0,0,Tidak Layak,Terima,Salah Terima
P,Dekat,2019.0,18.0,Ikut,Ikut,3.17,Software Consultant,Sedang,3.0,Terima,1,1,0,0,Tidak Layak,Terima,Salah Terima
L,Jauh,2020.0,20.0,Tidak,Tidak,3.57,Geological Engineer,Tinggi,1.0,Terima,1,1,0,0,Tidak Layak,Terima,Salah Terima
P,Dekat,2018.0,18.0,Tidak,Ikut,3.4,Financial Advisor,Rendah,5.0,Terima,1,1,0,1,Tidak Layak,Terima,Salah Terima
L,Jauh,2020.0,21.0,Ikut,Tidak,3.33,Speech Pathologist,Sedang,2.0,Terima,1,1,0,0,Tidak Layak,Terima,Salah Terima
L,Dekat,2019.0,21.0,Tidak,Ikut,3.54,Marketing Assistant,Sedang,5.0,Terima,1,1,0,0,Tidak Layak,Terima,Salah Terima
L,Jauh,2019.0,21.0,Tidak,Ikut,3.19,Clinical Specialist,Rendah,2.0,Terima,1,1,0,1,Tidak Layak,Terima,Salah Terima
P,Dekat,2018.0,21.0,Tidak,Tidak,3.17,Programmer III,Sedang,4.0,Terima,1,1,0,0,Tidak Layak,Terima,Salah Terima
P,Dekat,2019.0,21.0,Ikut,Tidak,3.13,Product Engineer,Sedang,4.0,Terima,1,1,0,0,Tidak Layak,Terima,Salah Terima
P,Dekat,2020.0,21.0,Ikut,Tidak,3.18,Recruiter,Tinggi,2.0,Terima,1,1,0,0,Tidak Layak,Terima,Salah Terima
L,Jauh,2018.0,21.0,Tidak,Ikut,3.33,VP Accounting,Tinggi,4.0,Terima,1,1,0,0,Tidak Layak,Terima,Salah Terima
L,Jauh,2018.0,20.0,Ikut,Tidak,3.14,Safety Technician II,Tinggi,2.0,Terima,1,1,0,0,Tidak Layak,Terima,Salah Terima
P,Jauh,2020.0,18.0,Ikut,Ikut,3.16,Analyst Programmer,Tinggi,3.0,Terima,1,1,0,0,Tidak Layak,Terima,Salah Terima
P,Dekat,2019.0,20.0,Ikut,Ikut,3.13,Business Systems Development Analyst,Rendah,1.0,Terima,1,1,0,0,Tidak Layak,Terima,Salah Terima
P,Jauh,2018.0,18.0,Tidak,Ikut,3.39,Speech Pathologist,Rendah,2.0,Terima,1,1,0,1,Tidak Layak,Terima,Salah Terima
P,Jauh,2020.0,18.0,Ikut,Tidak,3.42,Financial Advisor,Tinggi,5.0,Terima,1,1,0,0,Tidak Layak,Terima,Salah Terima
P,Jauh,2018.0,20.0,Ikut,Ikut,3.57,General Manager,Sedang,3.0,Terima,1,1,0,0,Tidak Layak,Terima,Salah Terima
L,Dekat,2019.0,18.0,Ikut,Tidak,3.18,Business Systems Development Analyst,Rendah,4.0,Terima,1,1,0,0,Tidak Layak,Terima,Salah Terima
P,Dekat,2020.0,18.0,Ikut,Tidak,3.19,Speech Pathologist,Tinggi,2.0,Terima,1,1,0,0,Tidak Layak,Terima,Salah Terima
L,Dekat,2019.0,20.0,Tidak,Tidak,3.5,Geological Engineer,Tinggi,2.0,Terima,1,1,0,0,Tidak Layak,Terima,Salah Terima
P,Jauh,2019.0,18.0,Tidak,Ikut,3.85,Associate Professor,Rendah,3.0,Terima,1,1,0,1,Tidak Layak,Terima,Salah Terima
L,Dekat,2018.0,21.0,Ikut,Ikut,3.54,Account Representative II,Tinggi,4.0,Terima,1,1,0,0,Tidak Layak,Terima,Salah Terima
P,Jauh,2018.0,21.0,Ikut,Ikut,3.17,Physical Therapy Assistant,Tinggi,5.0,Terima,1,1,0,0,Tidak Layak,Terima,Salah Terima
L,Jauh,2020.0,21.0,Ikut,Tidak,3.68,Help Desk Operator,Rendah,4.0,Terima,1,1,0,0,Tidak Layak,Terima,Salah Terima
L,Jauh,2020.0,21.0,Ikut,Tidak,3.5,Environmental Tech,Rendah,3.0,Terima,1,1,0,0,Tidak Layak,Terima,Salah Terima
P,Dekat,2019.0,20.0,Ikut,Ikut,3.4,Accounting Assistant IV,Rendah,1.0,Terima,1,1,0,0,Tidak Layak,Terima,Salah Terima
P,Jauh,2018.0,18.0,Ikut,Tidak,3.68,Nuclear Power Engineer,Sedang,5.0,Terima,1,1,0,0,Tidak Layak,Terima,Salah Terima
P,Jauh,2019.0,18.0,Ikut,Ikut,3.11,Clinical Specialist,Rendah,4.0,Terima,1,1,0,0,Tidak Layak,Terima,Salah Terima
L,Dekat,2019.0,21.0,Tidak,Ikut,3.5,Product Engineer,Sedang,5.0,Terima,1,1,0,0,Tidak Layak,Terima,Salah Terima
P,Dekat,2018.0,20.0,Tidak,Tidak,3.85,Project Manager,Rendah,4.0,Terima,1,1,0,0,Tidak Layak,Terima,Salah Terima
P,Jauh,2019.0,18.0,Tidak,Tidak,3.54,Nuclear Power Engineer,Tinggi,2.0,Terima,1,1,0,0,Tidak Layak,Terima,Salah Terima
L,Jauh,2020.0,20.0,Ikut,Tidak,3.57,Civil Engineer,Sedang,5.0,Terima,1,1,0,0,Tidak Layak,Terima,Salah Terima
L,Jauh,2020.0,21.0,Ikut,Tidak,3.85,Occupational Therapist,Tinggi,2.0,Terima,1,1,0,0,Tidak Layak,Terima,Salah Terima
P,Dekat,2019.0,20.0,Ikut,Tidak,3.12,Actuary,Sedang,2.0,Terima,1,1,0,0,Tidak Layak,Terima,Salah Terima
L,Jauh,2018.0,20.0,Ikut,Tidak,3.16,Financial Analyst,Sedang,5.0,Terima,1,1,0,0,Tidak Layak,Terima,Salah Terima
L,Jauh,2019.0,20.0,Tidak,Ikut,3.41,Administrative Assistant IV,Sedang,2.0,Terima,1,1,0,1,Tidak Layak,Terima,Salah Terima
P,Jauh,2018.0,20.0,Ikut,Tidak,3.4,Staff Accountant III,Rendah,5.0,Terima,1,1,0,0,Tidak Layak,Terima,Salah Terima
P,Jauh,2019.0,20.0,Ikut,Tidak,3.18,Professor,Rendah,3.0,Terima,1,1,0,0,Tidak Layak,Terima,Salah Terima
P,Jauh,2020.0,18.0,Tidak,Tidak,3.42,Administrative Officer,Sedang,3.0,Terima,1,1,0,0,Tidak Layak,Terima,Salah Terima
P,Dekat,2018.0,20.0,Tidak,Ikut,3.11,Software Test Engineer IV,Tinggi,5.0,Terima,1,1,0,0,Tidak Layak,Terima,Salah Terima
L,Dekat,2018.0,18.0,Tidak,Ikut,3.33,Civil Engineer,Rendah,1.0,Terima,1,1,0,1,Tidak Layak,Terima,Salah Terima
P,Jauh,2019.0,18.0,Tidak,Tidak,3.5,Media Manager IV,Rendah,5.0,Terima,1,1,0,0,Tidak Layak,Terima,Salah Terima
L,Jauh,2018.0,20.0,Ikut,Tidak,3.42,Information Systems Manager,Rendah,4.0,Terima,1,1,0,0,Tidak Layak,Terima,Salah Terima
P,Dekat,2019.0,18.0,Ikut,Tidak,3.16,Food Chemist,Tinggi,3.0,Terima,1,1,0,0,Tidak Layak,Terima,Salah Terima
L,Jauh,2019.0,21.0,Ikut,Tidak,3.5,Actuary,Sedang,2.0,Terima,1,1,0,0,Tidak Layak,Terima,Salah Terima
L,Jauh,2019.0,21.0,Tidak,Ikut,3.33,Assistant Media Planner,Tinggi,5.0,Terima,1,1,0,0,Tidak Layak,Terima,Salah Terima
L,Jauh,2018.0,18.0,Ikut,Tidak,3.5,Electrical Engineer,Sedang,3.0,Terima,1,1,0,0,Tidak Layak,Terima,Salah Terima
L,Dekat,2018.0,21.0,Tidak,Ikut,3.12,Analyst Programmer,Sedang,3.0,Terima,1,1,0,0,Tidak Layak,Terima,Salah Terima
P,Dekat,2018.0,20.0,Ikut,Ikut,3.33,Director of Sales,Sedang,4.0,Terima,1,1,0,0,Tidak Layak,Terima,Salah Terima
P,Dekat,2018.0,20.0,Tidak,Ikut,3.76,Account Coordinator,Rendah,2.0,Terima,1,1,0,1,Tidak Layak,Terima,Salah Terima
P,Dekat,2019.0,18.0,Tidak,Tidak,3.57,Dental Hygienist,Sedang,5.0,Terima,1,1,0,0,Tidak Layak,Terima,Salah Terima
L,Dekat,2019.0,20.0,Tidak,Tidak,3.41,Biostatistician IV,Rendah,2.0,Terima,1,1,0,0,Tidak Layak,Terima,Salah Terima
L,Dekat,2019.0,18.0,Ikut,Tidak,3.85,Professor,Tinggi,3.0,Terima,1,1,0,0,Tidak Layak,Terima,Salah Terima
P,Jauh,2018.0,18.0,Ikut,Tidak,3.42,Research Nurse,Sedang,4.0,Terima,1,1,0,0,Tidak Layak,Terima,Salah Terima
P,Jauh,2018.0,20.0,Tidak,Tidak,3.0,Desktop Support Technician,Sedang,4.0,Terima,1,1,0,0,Tidak Layak,Terima,Salah Terima
L,Dekat,2019.0,18.0,Tidak,Ikut,3.16,Automation Specialist III,Rendah,1.0,Terima,1,1,0,1,Tidak Layak,Terima,Salah Terima
L,Jauh,2020.0,21.0,Ikut,Ikut,3.4,Graphic Designer,Tinggi,3.0,Terima,1,1,0,0,Tidak Layak,Terima,Salah Terima
P,Jauh,2018.0,18.0,Tidak,Tidak,3.15,Actuary,Rendah,4.0,Terima,1,1,0,0,Tidak Layak,Terima,Salah Terima
L,Jauh,2020.0,21.0,Tidak,Tidak,3.19,Executive Secretary,Tinggi,5.0,Terima,1,1,0,0,Tidak Layak,Terima,Salah Terima
L,Jauh,2020.0,20.0,Tidak,Tidak,3.68,Budget/Accounting Analyst III,Sedang,3.0,Terima,1,1,0,0,Tidak Layak,Terima,Salah Terima
P,Dekat,2020.0,21.0,Tidak,Tidak,3.19,Analyst Programmer,Sedang,2.0,Terima,1,1,0,0,Tidak Layak,Terima,Salah Terima
P,Dekat,2018.0,21.0,Tidak,Tidak,3.19,Safety Technician II,Rendah,2.0,Terima,1,1,0,0,Tidak Layak,Terima,Salah Terima
L,Jauh,2020.0,18.0,Tidak,Tidak,3.33,Web Developer IV,Rendah,3.0,Terima,1,1,-1,0,Tidak Layak,Terima,Salah Terima
P,Dekat,2019.0,18.0,Tidak,Tidak,3.85,Quality Control Specialist,Rendah,4.0,Terima,1,1,0,0,Tidak Layak,Terima,Salah Terima
P,Dekat,2019.0,21.0,Ikut,Ikut,3.54,Financial Advisor,Tinggi,4.0,Terima,1,1,0,0,Tidak Layak,Terima,Salah Terima
P,Jauh,2019.0,20.0,Ikut,Ikut,3.68,VP Marketing,Sedang,3.0,Terima,1,1,0,0,Tidak Layak,Terima,Salah Terima
P,Jauh,2018.0,18.0,Ikut,Ikut,3.17,GIS Technical Architect,Rendah,5.0,Terima,1,1,0,0,Tidak Layak,Terima,Salah Terima
P,Jauh,2018.0,18.0,Ikut,Ikut,3.15,Dental Hygienist,Rendah,5.0,Terima,1,1,0,0,Tidak Layak,Terima,Salah Terima
L,Jauh,2019.0,21.0,Tidak,Ikut,3.54,Project Manager,Rendah,5.0,Terima,1,1,0,1,Tidak Layak,Terima,Salah Terima
L,Dekat,2020.0,21.0,Tidak,Ikut,2.95,Buruh,Sedang,2.0,Tidak,0,0,0,1,Layak,Tidak Terima,Salah Tolak
L,Dekat,2020.0,21.0,Tidak,Ikut,3.19,Wiraswasta,Tinggi,2.0,Tidak,0,0,0,1,Layak,Tidak Terima,Salah Tolak
P,Jauh,2020.0,21.0,Tidak,Ikut,3.19,Wiraswasta,Sedang,2.0,Tidak,0,0,0,1,Layak,Tidak Terima,Salah Tolak
L,Dekat,2020.0,21.0,Tidak,Ikut,3.33,Petani,Sedang,3.0,Tidak,0,0,0,1,Layak,Tidak Terima,Salah Tolak
L,Dekat,2020.0,21.0,Tidak,Ikut,3.29,Petani,Rendah,1.0,Tidak,0,0,0,1,Layak,Tidak Terima,Salah Tolak
P,Dekat,2020.0,21.0,Tidak,Ikut,3.48,Wiraswasta,Sedang,3.0,Tidak,0,0,0,1,Layak,Tidak Terima,Salah Tolak
P,Dekat,2020.0,21.0,Tidak,Ikut,3.38,Pedagang,Sedang,1.0,Tidak,0,0,0,1,Layak,Tidak Terima,Salah Tolak
P,Dekat,2020.0,21.0,Tidak,Ikut,3.52,Petani,Rendah,2.0,Tidak,0,0,0,1,Layak,Tidak Terima,Salah Tolak
P,Jauh,2020.0,21.0,Tidak,Ikut,2.81,Pedagang,Rendah,2.0,Tidak,0,0,0,1,Layak,Tidak Terima,Salah Tolak
P,Dekat,2020.0,21.0,Tidak,Ikut,3.7,Karyawan Swasta,Sedang,1.0,Tidak,0,0,0,1,Layak,Tidak Terima,Salah Tolak
L,Dekat,2020.0,21.0,Tidak,Ikut,3.71,Petani,Rendah,2.0,Tidak,0,0,0,1,Layak,Tidak Terima,Salah Tolak
L,Dekat,2020.0,21.0,Tidak,Ikut,3.38,Wiraswasta,Tinggi,1.0,Tidak,0,0,0,1,Layak,Tidak Terima,Salah Tolak
P,Dekat,2020.0,21.0,Tidak,Ikut,3.57,Petani,Rendah,2.0,Tidak,0,0,0,1,Layak,Tidak Terima,Salah Tolak
P,Dekat,2020.0,21.0,Tidak,Ikut,3.29,Pedagang,Rendah,2.0,Tidak,0,0,0,1,Layak,Tidak Terima,Salah Tolak
P,Jauh,2020.0,21.0,Tidak,Ikut,3.0,Wiraswasta,Rendah,1.0,Tidak,0,0,0,1,Layak,Tidak Terima,Salah Tolak
P,Jauh,2020.0,21.0,Tidak,Ikut,3.48,Wiraswasta,Sedang,2.0,Tidak,0,0,0,1,Layak,Tidak Terima,Salah Tolak
L,Dekat,2020.0,21.0,Tidak,Ikut,3.57,Petani,Tinggi,1.0,Tidak,0,0,0,1,Layak,Tidak Terima,Salah Tolak
P,Dekat,2020.0,21.0,Tidak,Ikut,2.9,Petani,Rendah,2.0,Tidak,0,0,0,1,Layak,Tidak Terima,Salah Tolak
P,Dekat,2020.0,21.0,Ikut,Ikut,3.71,PNS,Tinggi,2.0,Tidak,0,0,0,0,Layak,Tidak Terima,Salah Tolak
P,Dekat,2020.0,21.0,Ikut,Ikut,3.57,Petani,Sedang,2.0,Tidak,0,0,0,0,Layak,Tidak Terima,Salah Tolak
P,Dekat,2020.0,21.0,Ikut,Ikut,3.52,Wiraswasta,Tinggi,3.0,Tidak,0,0,0,0,Layak,Tidak Terima,Salah Tolak
P,Dekat,2020.0,21.0,Tidak,Ikut,3.33,Buruh,Rendah,2.0,Tidak,0,0,0,1,Layak,Tidak Terima,Salah Tolak
P,Dekat,2020.0,21.0,Tidak,Ikut,3.62,Petani,Tinggi,3.0,Tidak,0,0,0,1,Layak,Tidak Terima,Salah Tolak
L,Dekat,2020.0,21.0,Tidak,Ikut,3.62,Wiraswasta,Rendah,2.0,Tidak,0,0,0,1,Layak,Tidak Terima,Salah Tolak
P,Jauh,2020.0,21.0,Tidak,Ikut,3.29,Wiraswasta,Tinggi,1.0,Tidak,0,0,0,1,Layak,Tidak Terima,Salah Tolak
P,Dekat,2020.0,21.0,Ikut,Ikut,3.71,Wiraswasta,Tinggi,1.0,Tidak,0,0,0,0,Layak,Tidak Terima,Salah Tolak
P,Dekat,2020.0,21.0,Ikut,Ikut,2.81,Petani,Rendah,3.0,Tidak,0,0,0,0,Layak,Tidak Terima,Salah Tolak
P,Dekat,2020.0,21.0,Ikut,Ikut,3.33,Petani,Tinggi,2.0,Tidak,0,0,0,0,Layak,Tidak Terima,Salah Tolak
L,Dekat,2020.0,21.0,Tidak,Ikut,2.9,Wiraswasta,Sedang,2.0,Tidak,0,0,0,1,Layak,Tidak Terima,Salah Tolak
P,Jauh,2020.0,21.0,Tidak,Ikut,3.52,Pedagang,Rendah,2.0,Tidak,0,0,0,1,Layak,Tidak Terima,Salah Tolak
L,Dekat,2020.0,21.0,Tidak,Ikut,3.57,PNS,Tinggi,2.0,Tidak,0,0,0,1,Layak,Tidak Terima,Salah Tolak
P,Dekat,2020.0,21.0,Tidak,Ikut,3.38,Buruh,Rendah,2.0,Tidak,0,0,0,1,Layak,Tidak Terima,Salah Tolak
P,Dekat,2020.0,21.0,Tidak,Ikut,3.38,PNS,Tinggi,1.0,Tidak,0,0,0,1,Layak,Tidak Terima,Salah Tolak
P,Jauh,2020.0,21.0,Tidak,Ikut,3.29,PNS,Tinggi,2.0,Tidak,0,0,0,1,Layak,Tidak Terima,Salah Tolak
P,Jauh,2020.0,21.0,Tidak,Ikut,3.9,PNS,Tinggi,1.0,Tidak,0,0,0,1,Layak,Tidak Terima,Salah Tolak
P,Dekat,2020.0,21.0,Tidak,Ikut,3.38,PNS,Sedang,4.0,Tidak,0,0,0,1,Layak,Tidak Terima,Salah Tolak
P,Jauh,2020.0,21.0,Tidak,Ikut,3.38,PNS,Tinggi,3.0,Tidak,0,0,0,1,Layak,Tidak Terima,Salah Tolak
P,Jauh,2020.0,21.0,Tidak,Ikut,3.52,Wiraswasta,Rendah,3.0,Tidak,0,0,0,1,Layak,Tidak Terima,Salah Tolak
P,Dekat,2020.0,21.0,Tidak,Ikut,3.33,Petani,Rendah,3.0,Tidak,0,0,0,1,Layak,Tidak Terima,Salah Tolak
P,Dekat,2020.0,21.0,Tidak,Ikut,3.43,Wiraswasta,Sedang,3.0,Tidak,0,0,0,1,Layak,Tidak Terima,Salah Tolak
P,Dekat,2020.0,21.0,Tidak,Ikut,3.38,Wiraswasta,Sedang,3.0,Tidak,0,0,0,1,Layak,Tidak Terima,Salah Tolak
P,Dekat,2020.0,21.0,Tidak,Ikut,3.4,Wiraswasta,Rendah,3.0,Tidak,0,0,0,1,Layak,Tidak Terima,Salah Tolak
P,Dekat,2020.0,21.0,Tidak,Ikut,3.57,Wiraswasta,Sedang,1.0,Tidak,0,0,0,1,Layak,Tidak Terima,Salah Tolak
P,Jauh,2020.0,21.0,Tidak,Ikut,3.57,PNS,Tinggi,2.0,Tidak,0,0,0,1,Layak,Tidak Terima,Salah Tolak
P,Dekat,2020.0,21.0,Tidak,Ikut,3.29,PNS,Tinggi,2.0,Tidak,0,0,0,1,Layak,Tidak Terima,Salah Tolak
L,Dekat,2020.0,21.0,Tidak,Ikut,2.62,Petani,Sedang,2.0,Tidak,0,0,0,1,Layak,Tidak Terima,Salah Tolak
P,Dekat,2020.0,21.0,Tidak,Ikut,3.71,PNS,Sedang,1.0,Tidak,0,0,0,1,Layak,Tidak Terima,Salah Tolak
P,Dekat,2020.0,21.0,Tidak,Ikut,3.67,Buruh,Rendah,2.0,Tidak,0,0,0,1,Layak,Tidak Terima,Salah Tolak
P,Jauh,2020.0,21.0,Tidak,Ikut,3.38,Wiraswasta,Tinggi,2.0,Tidak,0,0,0,1,Layak,Tidak Terima,Salah Tolak
P,Dekat,2020.0,21.0,Tidak,Ikut,3.52,Wiraswasta,Sedang,1.0,Tidak,0,0,0,1,Layak,Tidak Terima,Salah Tolak
P,Jauh,2020.0,21.0,Tidak,Ikut,3.52,Buruh,Rendah,2.0,Tidak,0,0,0,1,Layak,Tidak Terima,Salah Tolak
P,Dekat,2020.0,21.0,Tidak,Ikut,3.38,Wiraswasta,Sedang,1.0,Tidak,0,0,0,1,Layak,Tidak Terima,Salah Tolak
P,Jauh,2020.0,21.0,Tidak,Ikut,2.9,Wiraswasta,Rendah,2.0,Tidak,0,0,0,1,Layak,Tidak Terima,Salah Tolak
P,Dekat,2020.0,21.0,Tidak,Ikut,3.0,Wiraswasta,Tinggi,3.0,Tidak,0,0,0,1,Layak,Tidak Terima,Salah Tolak
P,Dekat,2020.0,21.0,Tidak,Ikut,3.29,Buruh,Tinggi,2.0,Tidak,0,0,0,1,Layak,Tidak Terima,Salah Tolak
P,Dekat,2020.0,21.0,Tidak,Ikut,2.71,PNS,Sedang,3.0,Tidak,0,0,0,1,Layak,Tidak Terima,Salah Tolak
L,Jauh,2020.0,21.0,Tidak,Ikut,3.57,Petani,Rendah,2.0,Tidak,0,0,0,1,Layak,Tidak Terima,Salah Tolak
P,Dekat,2020.0,21.0,Tidak,Ikut,3.48,Petani,Sedang,2.0,Tidak,0,0,0,1,Layak,Tidak Terima,Salah Tolak
P,Jauh,2020.0,21.0,Tidak,Ikut,3.38,Petani,Rendah,1.0,Tidak,0,0,0,1,Layak,Tidak Terima,Salah Tolak
L,Dekat,2020.0,21.0,Tidak,Ikut,3.33,PNS,Sedang,3.0,Tidak,0,0,0,1,Layak,Tidak Terima,Salah Tolak
P,Dekat,2020.0,21.0,Tidak,Ikut,3.57,Wiraswasta,Sedang,2.0,Tidak,0,0,0,1,Layak,Tidak Terima,Salah Tolak
P,Dekat,2020.0,21.0,Tidak,Ikut,3.24,Wiraswasta,Tinggi,2.0,Tidak,0,0,0,1,Layak,Tidak Terima,Salah Tolak
L,Dekat,2020.0,21.0,Tidak,Ikut,3.43,Karyawan Swasta,Tinggi,2.0,Tidak,0,0,0,1,Layak,Tidak Terima,Salah Tolak
P,Dekat,2020.0,21.0,Tidak,Ikut,3.48,Wiraswasta,Sedang,1.0,Tidak,0,0,0,1,Layak,Tidak Terima,Salah Tolak
P,Dekat,2020.0,21.0,Tidak,Ikut,3.38,Wiraswasta,Tinggi,2.0,Tidak,0,0,0,1,Layak,Tidak Terima,Salah Tolak
L,Jauh,2020.0,21.0,Tidak,Ikut,3.52,PNS,Sedang,2.0,Tidak,0,0,0,1,Layak,Tidak Terima,Salah Tolak
P,Dekat,2020.0,21.0,Tidak,Ikut,3.24,PNS,Rendah,4.0,Tidak,0,0,0,1,Layak,Tidak Terima,Salah Tolak
P,Dekat,2020.0,19.0,Tidak,Ikut,3.47,PNS,Tinggi,3.0,Tidak,0,0,0,1,Layak,Tidak Terima,Salah Tolak
P,Dekat,2020.0,19.0,Tidak,Ikut,3.6,Wiraswasta,Tinggi,3.0,Tidak,0,0,0,1,Layak,Tidak Terima,Salah Tolak
P,Dekat,2020.0,19.0,Tidak,Ikut,3.3,Buruh,Sedang,3.0,Tidak,0,0,0,1,Layak,Tidak Terima,Salah Tolak
P,Dekat,2020.0,19.0,Tidak,Ikut,3.37,Buruh,Rendah,3.0,Tidak,0,0,0,1,Layak,Tidak Terima,Salah Tolak
P,Dekat,2020.0,19.0,Tidak,Ikut,3.46,Buruh,Sedang,3.0,Tidak,0,0,0,1,Layak,Tidak Terima,Salah Tolak
P,Dekat,2020.0,19.0,Tidak,Ikut,3.59,Buruh,Sedang,3.0,Tidak,0,0,0,1,Layak,Tidak Terima,Salah Tolak
P,Jauh,2020.0,19.0,Tidak,Ikut,3.43,Wiraswasta,Rendah,1.0,Tidak,0,0,0,1,Layak,Tidak Terima,Salah Tolak
L,Dekat,2020.0,19.0,Tidak,Ikut,2.89,Petani,Tinggi,2.0,Tidak,0,0,0,1,Layak,Tidak Terima,Salah Tolak
P,Dekat,2020.0,19.0,Tidak,Ikut,3.34,Petani,Rendah,2.0,Tidak,0,0,0,1,Layak,Tidak Terima,Salah Tolak
P,Dekat,2020.0,19.0,Tidak,Ikut,2.61,Petani,Tinggi,2.0,Tidak,0,0,0,1,Layak,Tidak Terima,Salah Tolak
L,Dekat,2020.0,19.0,Ikut,Ikut,3.4,Wiraswasta,Rendah,2.0,Tidak,0,0,0,0,Layak,Tidak Terima,Salah Tolak
P,Dekat,2020.0,19.0,Tidak,Ikut,2.75,Buruh,Tinggi,1.0,Tidak,0,0,0,1,Layak,Tidak Terima,Salah Tolak
P,Dekat,2020.0,19.0,Tidak,Ikut,2.32,Wiraswasta,Sedang,2.0,Tidak,0,0,0,1,Layak,Tidak Terima,Salah Tolak
L,Dekat,2020.0,19.0,Tidak,Ikut,3.61,Wiraswasta,Sedang,2.0,Tidak,0,0,0,1,Layak,Tidak Terima,Salah Tolak
P,Jauh,2020.0,19.0,Tidak,Ikut,3.65,Wiraswasta,Sedang,2.0,Tidak,0,0,0,1,Layak,Tidak Terima,Salah Tolak
P,Dekat,2020.0,19.0,Tidak,Ikut,3.42,Wiraswasta,Rendah,1.0,Tidak,0,0,0,1,Layak,Tidak Terima,Salah Tolak
L,Dekat,2020.0,19.0,Tidak,Ikut,3.38,Wiraswasta,Rendah,2.0,Tidak,0,0,0,1,Layak,Tidak Terima,Salah Tolak
P,Dekat,2020.0,19.0,Tidak,Ikut,3.68,Wiraswasta,Rendah,3.0,Tidak,0,0,0,1,Layak,Tidak Terima,Salah Tolak
P,Dekat,2020.0,19.0,Tidak,Ikut,3.22,Wiraswasta,Rendah,2.0,Tidak,0,0,0,1,Layak,Tidak Terima,Salah Tolak
L,Jauh,2020.0,19.0,Tidak,Ikut,1.68,Petani,Sedang,3.0,Tidak,0,0,0,1,Layak,Tidak Terima,Salah Tolak
P,Dekat,2020.0,19.0,Tidak,Ikut,3.13,Wiraswasta,Sedang,2.0,Tidak,0,0,0,1,Layak,Tidak Terima,Salah Tolak
P,Dekat,2020.0,19.0,Tidak,Ikut,3.67,PNS,Sedang,1.0,Tidak,0,0,0,1,Layak,Tidak Terima,Salah Tolak
P,Jauh,2020.0,19.0,Tidak,Ikut,3.65,Petani,Tinggi,1.0,Tidak,0,0,0,1,Layak,Tidak Terima,Salah Tolak
P,Jauh,2020.0,19.0,Tidak,Ikut,3.62,Petani,Tinggi,1.0,Tidak,0,0,0,1,Layak,Tidak Terima,Salah Tolak
P,Dekat,2020.0,19.0,Tidak,Ikut,3.37,Wiraswasta,Tinggi,3.0,Tidak,0,0,0,1,Layak,Tidak Terima,Salah Tolak
L,Dekat,2020.0,19.0,Tidak,Ikut,3.48,Petani,Sedang,2.0,Tidak,0,0,0,1,Layak,Tidak Terima,Salah Tolak
P,Dekat,2020.0,19.0,Tidak,Ikut,3.26,Buruh,Tinggi,2.0,Tidak,0,0,0,1,Layak,Tidak Terima,Salah Tolak
P,Jauh,2020.0,19.0,Tidak,Ikut,3.52,Karyawan Swasta,Sedang,2.0,Tidak,0,0,0,1,Layak,Tidak Terima,Salah Tolak
P,Dekat,2020.0,19.0,Tidak,Ikut,3.39,Petani,Rendah,2.0,Tidak,0,0,0,1,Layak,Tidak Terima,Salah Tolak
P,Dekat,2020.0,19.0,Tidak,Ikut,2.7,Petani,Rendah,1.0,Tidak,0,0,0,1,Layak,Tidak Terima,Salah Tolak
P,Dekat,2020.0,19.0,Tidak,Ikut,3.11,Petani,Rendah,2.0,Tidak,0,0,0,1,Layak,Tidak Terima,Salah Tolak
P,Dekat,2020.0,19.0,Tidak,Ikut,3.48,Petani,Rendah,2.0,Tidak,0,0,0,1,Layak,Tidak Terima,Salah Tolak
P,Dekat,2020.0,19.0,Tidak,Ikut,3.44,Wiraswasta,Sedang,4.0,Tidak,0,0,0,1,Layak,Tidak Terima,Salah Tolak
P,Jauh,2020.0,19.0,Tidak,Ikut,3.68,PNS,Tinggi,3.0,Tidak,0,0,0,1,Layak,Tidak Terima,Salah Tolak
P,Dekat,2020.0,19.0,Tidak,Ikut,3.28,Petani,Tinggi,3.0,Tidak,0,0,0,1,Layak,Tidak Terima,Salah Tolak
P,Dekat,2020.0,19.0,Tidak,Ikut,3.46,Buruh,Tinggi,3.0,Tidak,0,0,0,1,Layak,Tidak Terima,Salah Tolak
P,Jauh,2020.0,19.0,Tidak,Ikut,3.59,PNS,Sedang,3.0,Tidak,0,0,0,1,Layak,Tidak Terima,Salah Tolak
P,Jauh,2020.0,19.0,Tidak,Ikut,3.79,Petani,Tinggi,3.0,Tidak,0,0,0,1,Layak,Tidak Terima,Salah Tolak
P,Dekat,2020.0,19.0,Tidak,Ikut,3.47,Wiraswasta,Tinggi,3.0,Tidak,0,0,0,1,Layak,Tidak Terima,Salah Tolak
P,Dekat,2020.0,19.0,Tidak,Ikut,3.09,PNS,Tinggi,3.0,Tidak,0,0,0,1,Layak,Tidak Terima,Salah Tolak
P,Dekat,2020.0,19.0,Tidak,Ikut,3.08,Karyawan Swasta,Rendah,3.0,Tidak,0,0,0,1,Layak,Tidak Terima,Salah Tolak
L,Dekat,2020.0,19.0,Tidak,Ikut,3.4,PNS,Tinggi,1.0,Tidak,0,0,0,1,Layak,Tidak Terima,Salah Tolak
P,Dekat,2020.0,19.0,Tidak,Ikut,3.46,PNS,Tinggi,2.0,Tidak,0,0,0,1,Layak,Tidak Terima,Salah Tolak
P,Dekat,2020.0,19.0,Tidak,Ikut,2.96,PNS,Sedang,2.0,Tidak,0,0,0,1,Layak,Tidak Terima,Salah Tolak
P,Dekat,2020.0,19.0,Tidak,Ikut,3.18,Petani,Tinggi,2.0,Tidak,0,0,0,1,Layak,Tidak Terima,Salah Tolak
P,Dekat,2020.0,19.0,Tidak,Ikut,3.28,Petani,Sedang,2.0,Tidak,0,0,0,1,Layak,Tidak Terima,Salah Tolak
L,Dekat,2020.0,19.0,Tidak,Ikut,3.13,Petani,Rendah,1.0,Tidak,0,0,0,1,Layak,Tidak Terima,Salah Tolak
P,Dekat,2020.0,19.0,Ikut,Ikut,3.43,Wiraswasta,Sedang,2.0,Tidak,0,0,0,0,Layak,Tidak Terima,Salah Tolak
P,Dekat,2020.0,19.0,Tidak,Ikut,3.17,Wiraswasta,Sedang,1.0,Tidak,0,0,0,1,Layak,Tidak Terima,Salah Tolak
P,Dekat,2020.0,19.0,Tidak,Ikut,2.37,Wiraswasta,Tinggi,2.0,Tidak,0,0,0,1,Layak,Tidak Terima,Salah Tolak
P,Dekat,2020.0,19.0,Tidak,Ikut,3.63,Wiraswasta,Tinggi,1.0,Tidak,0,0,0,1,Layak,Tidak Terima,Salah Tolak
P,Jauh,2020.0,19.0,Tidak,Ikut,3.07,Wiraswasta,Rendah,2.0,Tidak,0,0,0,1,Layak,Tidak Terima,Salah Tolak
P,Jauh,2020.0,19.0,Tidak,Ikut,3.46,PNS,Tinggi,3.0,Tidak,0,0,0,1,Layak,Tidak Terima,Salah Tolak
L,Dekat,2020.0,19.0,Tidak,Ikut,3.06,Petani,Sedang,2.0,Tidak,0,0,0,1,Layak,Tidak Terima,Salah Tolak
L,Dekat,2020.0,19.0,Tidak,Ikut,3.48,Petani,Rendah,3.0,Tidak,0,0,0,1,Layak,Tidak Terima,Salah Tolak
P,Jauh,2020.0,19.0,Tidak,Ikut,3.21,Petani,Tinggi,2.0,Tidak,0,0,0,1,Layak,Tidak Terima,Salah Tolak
P,Dekat,2020.0,19.0,Tidak,Ikut,3.39,Wiraswasta,Tinggi,2.0,Tidak,0,0,0,1,Layak,Tidak Terima,Salah Tolak
P,Dekat,2020.0,19.0,Tidak,Ikut,3.53,Wiraswasta,Sedang,1.0,Tidak,0,0,0,1,Layak,Tidak Terima,Salah Tolak
P,Dekat,2020.0,19.0,Tidak,Ikut,3.78,Wiraswasta,Tinggi,1.0,Tidak,0,0,0,1,Layak,Tidak Terima,Salah Tolak
P,Jauh,2020.0,19.0,Tidak,Ikut,3.19,PNS,Sedang,3.0,Tidak,0,0,0,1,Layak,Tidak Terima,Salah Tolak
P,Dekat,2020.0,19.0,Tidak,Ikut,3.51,PNS,Sedang,2.0,Tidak,0,0,0,1,Layak,Tidak Terima,Salah Tolak
P,Dekat,2020.0,19.0,Tidak,Ikut,2.8,PNS,Sedang,2.0,Tidak,0,0,0,1,Layak,Tidak Terima,Salah Tolak
P,Dekat,2020.0,19.0,Tidak,Ikut,3.25,PNS,Tinggi,2.0,Tidak,0,0,0,1,Layak,Tidak Terima,Salah Tolak
P,Jauh,2020.0,19.0,Tidak,Ikut,3.4,PNS,Tinggi,2.0,Tidak,0,0,0,1,Layak,Tidak Terima,Salah Tolak
P,Dekat,2020.0,19.0,Tidak,Ikut,3.6,PNS,Tinggi,2.0,Tidak,0,0,0,1,Layak,Tidak Terima,Salah Tolak
P,Jauh,2020.0,19.0,Tidak,Ikut,3.32,PNS,Tinggi,1.0,Tidak,0,0,0,1,Layak,Tidak Terima,Salah Tolak
P,Dekat,2020.0,19.0,Tidak,Ikut,3.51,Wiraswasta,Sedang,2.0,Tidak,0,0,0,1,Layak,Tidak Terima,Salah Tolak
P,Dekat,2020.0,19.0,Tidak,Ikut,3.39,Wiraswasta,Sedang,2.0,Tidak,0,0,0,1,Layak,Tidak Terima,Salah Tolak
P,Dekat,2020.0,19.0,Tidak,Ikut,3.43,Wiraswasta,Rendah,3.0,Tidak,0,0,0,1,Layak,Tidak Terima,Salah Tolak
P,Jauh,2020.0,19.0,Tidak,Ikut,3.39,Karyawan Swasta,Sedang,3.0,Tidak,0,0,0,1,Layak,Tidak Terima,Salah Tolak
P,Dekat,2020.0,19.0,Tidak,Ikut,3.07,Karyawan Swasta,Rendah,3.0,Tidak,0,0,0,1,Layak,Tidak Terima,Salah Tolak
P,Dekat,2020.0,19.0,Tidak,Ikut,3.41,Pedagang,Tinggi,3.0,Tidak,0,0,0,1,Layak,Tidak Terima,Salah Tolak
P,Jauh,2020.0,19.0,Tidak,Ikut,3.11,Petani,Rendah,3.0,Tidak,0,0,0,1,Layak,Tidak Terima,Salah Tolak
P,Jauh,2020.0,19.0,Tidak,Ikut,2.6,Petani,Rendah,3.0,Tidak,0,0,0,1,Layak,Tidak Terima,Salah Tolak
P,Dekat,2020.0,19.0,Tidak,Ikut,3.56,Wiraswasta,Tinggi,1.0,Tidak,0,0,0,1,Layak,Tidak Terima,Salah Tolak
L,Dekat,2020.0,19.0,Tidak,Ikut,3.29,Wiraswasta,Rendah,2.0,Tidak,0,0,0,1,Layak,Tidak Terima,Salah Tolak
P,Jauh,2020.0,19.0,Tidak,Ikut,3.26,Buruh,Rendah,2.0,Tidak,0,0,0,1,Layak,Tidak Terima,Salah Tolak
P,Jauh,2020.0,19.0,Tidak,Ikut,3.46,PNS,Sedang,2.0,Tidak,0,0,0,1,Layak,Tidak Terima,Salah Tolak
L,Jauh,2020.0,19.0,Tidak,Ikut,3.48,Wiraswasta,Rendah,2.0,Tidak,0,0,0,1,Layak,Tidak Terima,Salah Tolak
L,Dekat,2020.0,19.0,Tidak,Tidak,1.64,Wiraswasta,Sedang,1.0,Tidak,0,0,-1,1,Layak,Tidak Terima,Salah Tolak
P,Dekat,2020.0,19.0,Tidak,Ikut,3.43,PNS,Sedang,2.0,Tidak,0,0,0,1,Layak,Tidak Terima,Salah Tolak
P,Dekat,2020.0,19.0,Tidak,Ikut,3.42,Wiraswasta,Sedang,2.0,Tidak,0,0,0,1,Layak,Tidak Terima,Salah Tolak
P,Dekat,2020.0,19.0,Tidak,Ikut,3.24,Wiraswasta,Rendah,1.0,Tidak,0,0,0,1,Layak,Tidak Terima,Salah Tolak
P,Dekat,2020.0,19.0,Tidak,Ikut,3.42,PNS,Tinggi,2.0,Tidak,0,0,0,1,Layak,Tidak Terima,Salah Tolak
P,Dekat,2020.0,19.0,Tidak,Ikut,3.89,PNS,Tinggi,1.0,Tidak,0,0,0,1,Layak,Tidak Terima,Salah Tolak
P,Dekat,2020.0,19.0,Tidak,Ikut,3.79,Petani,Tinggi,2.0,Tidak,0,0,0,1,Layak,Tidak Terima,Salah Tolak
L,Dekat,2020.0,19.0,Tidak,Ikut,3.68,Karyawan Swasta,Tinggi,2.0,Tidak,0,0,0,1,Layak,Tidak Terima,Salah Tolak
L,Dekat,2020.0,19.0,Tidak,Ikut,3.47,Karyawan Swasta,Tinggi,3.0,Tidak,0,0,0,1,Layak,Tidak Terima,Salah Tolak
P,Dekat,2020.0,19.0,Tidak,Ikut,3.58,Karyawan Swasta,Tinggi,2.0,Tidak,0,0,0,1,Layak,Tidak Terima,Salah Tolak
P,Dekat,2020.0,19.0,Tidak,Ikut,3.53,Petani,Tinggi,1.0,Tidak,0,0,0,1,Layak,Tidak Terima,Salah Tolak
L,Dekat,2020.0,19.0,Tidak,Ikut,3.1,PNS,Tinggi,1.0,Tidak,0,0,0,1,Layak,Tidak Terima,Salah Tolak
L,Dekat,2020.0,19.0,Tidak,Ikut,3.84,Wiraswasta,Sedang,3.0,Tidak,0,0,0,1,Layak,Tidak Terima,Salah Tolak
P,Dekat,2020.0,19.0,Tidak,Ikut,3.53,Wiraswasta,Sedang,2.0,Tidak,0,0,0,1,Layak,Tidak Terima,Salah Tolak
P,Dekat,2020.0,19.0,Tidak,Ikut,3.68,Petani,Tinggi,2.0,Tidak,0,0,0,1,Layak,Tidak Terima,Salah Tolak
L,Dekat,2020.0,19.0,Tidak,Ikut,3.42,Karyawan Swasta,Rendah,2.0,Tidak,0,0,0,1,Layak,Tidak Terima,Salah Tolak
L,Jauh,2020.0,19.0,Tidak,Ikut,3.45,PNS,Tinggi,2.0,Tidak,0,0,0,1,Layak,Tidak Terima,Salah Tolak
P,Jauh,2020.0,19.0,Ikut,Ikut,3.42,Petani,Rendah,1.0,Tidak,0,0,0,0,Layak,Tidak Terima,Salah Tolak
P,Dekat,2020.0,19.0,Tidak,Ikut,3.74,PNS,Tinggi,2.0,Tidak,0,0,0,1,Layak,Tidak Terima,Salah Tolak
P,Dekat,2020.0,19.0,Tidak,Ikut,3.58,PNS,Tinggi,2.0,Tidak,0,0,0,1,Layak,Tidak Terima,Salah Tolak
L,Jauh,2020.0,19.0,Tidak,Ikut,3.68,PNS,Tinggi,4.0,Tidak,0,0,0,0,Layak,Tidak Terima,Salah Tolak
P,Jauh,2020.0,19.0,Tidak,Ikut,3.63,PNS,Tinggi,3.0,Tidak,0,0,0,1,Layak,Tidak Terima,Salah Tolak
P,Jauh,2020.0,19.0,Tidak,Ikut,3.89,Karyawan Swasta,Tinggi,3.0,Tidak,0,0,0,1,Layak,Tidak Terima,Salah Tolak
P,Jauh,2020.0,19.0,Tidak,Ikut,3.68,Wiraswasta,Sedang,3.0,Tidak,0,0,0,1,Layak,Tidak Terima,Salah Tolak
P,Dekat,2020.0,19.0,Tidak,Ikut,3.79,Wiraswasta,Rendah,3.0,Tidak,0,0,0,1,Layak,Tidak Terima,Salah Tolak
P,Dekat,2020.0,19.0,Tidak,Ikut,3.29,PNS,Tinggi,3.0,Tidak,0,0,0,1,Layak,Tidak Terima,Salah Tolak
P,Dekat,2020.0,19.0,Tidak,Tidak,3.38,Wiraswasta,Sedang,3.0,Tidak,0,0,0,0,Layak,Tidak Terima,Salah Tolak
P,Dekat,2020.0,19.0,Tidak,Ikut,3.57,PNS,Tinggi,3.0,Tidak,0,0,0,1,Layak,Tidak Terima,Salah Tolak
P,Dekat,2020.0,19.0,Tidak,Ikut,3.35,Petani,Rendah,1.0,Tidak,0,0,0,1,Layak,Tidak Terima,Salah Tolak
P,Jauh,2020.0,19.0,Tidak,Ikut,3.57,Petani,Rendah,2.0,Tidak,0,0,0,1,Layak,Tidak Terima,Salah Tolak
P,Jauh,2020.0,19.0,Tidak,Ikut,3.33,Petani,Sedang,2.0,Tidak,0,0,0,1,Layak,Tidak Terima,Salah Tolak
P,Jauh,2020.0,19.0,Tidak,Ikut,3.48,Wiraswasta,Sedang,2.0,Tidak,0,0,0,1,Layak,Tidak Terima,Salah Tolak
P,Jauh,2020.0,19.0,Tidak,Ikut,2.5,Wiraswasta,Rendah,2.0,Tidak,0,0,0,1,Layak,Tidak Terima,Salah Tolak
P,Dekat,2020.0,19.0,Tidak,Ikut,3.44,Pensiunan,Sedang,1.0,Tidak,0,0,0,1,Layak,Tidak Terima,Salah Tolak
P,Dekat,2020.0,19.0,Tidak,Ikut,3.33,Wiraswasta,Sedang,2.0,Tidak,0,0,0,1,Layak,Tidak Terima,Salah Tolak
P,Dekat,2020.0,19.0,Tidak,Ikut,3.13,Wiraswasta,Tinggi,1.0,Tidak,0,0,0,1,Layak,Tidak Terima,Salah Tolak
P,Jauh,2020.0,19.0,Tidak,Ikut,3.29,Karyawan Swasta,Sedang,2.0,Tidak,0,0,0,1,Layak,Tidak Terima,Salah Tolak
P,Dekat,2020.0,19.0,Tidak,Ikut,3.35,Karyawan Swasta,Tinggi,3.0,Tidak,0,0,0,1,Layak,Tidak Terima,Salah Tolak
L,Jauh,2020.0,19.0,Tidak,Ikut,3.56,PNS,Tinggi,2.0,Tidak,0,0,0,1,Layak,Tidak Terima,Salah Tolak
P,Dekat,2020.0,19.0,Tidak,Ikut,3.3,Wiraswasta,Tinggi,3.0,Tidak,0,0,0,1,Layak,Tidak Terima,Salah Tolak
P,Dekat,2020.0,19.0,Tidak,Ikut,2.89,Petani,Sedang,2.0,Tidak,0,0,0,1,Layak,Tidak Terima,Salah Tolak
P,Dekat,2020.0,19.0,Tidak,Ikut,2.82,PNS,Tinggi,3.0,Tidak,0,0,0,1,Layak,Tidak Terima,Salah Tolak
P,Dekat,2020.0,19.0,Tidak,Ikut,2.65,Pedagang,Sedang,1.0,Tidak,0,0,0,1,Layak,Tidak Terima,Salah Tolak
P,Dekat,2020.0,19.0,Tidak,Ikut,3.43,Pensiunan,Sedang,1.0,Tidak,0,0,0,1,Layak,Tidak Terima,Salah Tolak
P,Jauh,2020.0,19.0,Tidak,Ikut,3.32,Wiraswasta,Tinggi,3.0,Tidak,0,0,0,1,Layak,Tidak Terima,Salah Tolak
P,Dekat,2020.0,19.0,Tidak,Ikut,3.59,PNS,Tinggi,2.0,Tidak,0,0,0,1,Layak,Tidak Terima,Salah Tolak
L,Dekat,2020.0,19.0,Tidak,Ikut,3.45,PNS,Tinggi,2.0,Tidak,0,0,0,1,Layak,Tidak Terima,Salah Tolak
P,Dekat,2020.0,19.0,Tidak,Ikut,3.3,PNS,Tinggi,2.0,Tidak,0,0,0,1,Layak,Tidak Terima,Salah Tolak
P,Dekat,2020.0,19.0,Tidak,Ikut,3.76,PNS,Tinggi,2.0,Tidak,0,0,0,1,Layak,Tidak Terima,Salah Tolak
P,Dekat,2020.0,19.0,Tidak,Tidak,3.7,PNS,Tinggi,2.0,Tidak,0,0,0,0,Layak,Tidak Terima,Salah Tolak
P,Dekat,2020.0,19.0,Tidak,Ikut,3.6,PNS,Tinggi,1.0,Tidak,0,0,0,1,Layak,Tidak Terima,Salah Tolak
P,Jauh,2020.0,19.0,Tidak,Ikut,3.8,PNS,Tinggi,2.0,Tidak,0,0,0,1,Layak,Tidak Terima,Salah Tolak
L,Jauh,2020.0,19.0,Tidak,Ikut,3.6,Wiraswasta,Tinggi,3.0,Tidak,0,0,0,0,Layak,Tidak Terima,Salah Tolak
P,Dekat,2020.0,19.0,Tidak,Ikut,3.6,Petani,Sedang,3.0,Tidak,0,0,0,1,Layak,Tidak Terima,Salah Tolak
P,Jauh,2020.0,19.0,Tidak,Ikut,3.3,Wirausaha,Sedang,3.0,Tidak,0,0,0,1,Layak,Tidak Terima,Salah Tolak
P,Jauh,2020.0,19.0,Tidak,Ikut,3.37,Pensiunan,Sedang,3.0,Tidak,0,0,0,1,Layak,Tidak Terima,Salah Tolak
P,Dekat,2020.0,19.0,Tidak,Ikut,3.7,Wiraswasta,Tinggi,3.0,Tidak,0,0,0,1,Layak,Tidak Terima,Salah Tolak
L,Jauh,2020.0,19.0,Tidak,Ikut,3.3,Petani,Rendah,1.0,Tidak,0,0,0,1,Layak,Tidak Terima,Salah Tolak
L,Jauh,2020.0,19.0,Tidak,Ikut,3.5,Wiraswasta,Sedang,2.0,Tidak,0,0,0,1,Layak,Tidak Terima,Salah Tolak
L,Jauh,2020.0,19.0,Tidak,Ikut,3.5,PNS,Rendah,2.0,Tidak,0,0,0,1,Layak,Tidak Terima,Salah Tolak
P,Jauh,2020.0,19.0,Tidak,Ikut,3.5,Pensiunan,Tinggi,2.0,Tidak,0,0,0,1,Layak,Tidak Terima,Salah Tolak
P,Jauh,2020.0,19.0,Tidak,Ikut,3.7,Petani,Tinggi,1.0,Tidak,0,0,0,1,Layak,Tidak Terima,Salah Tolak
L,Jauh,2020.0,19.0,Tidak,Ikut,3.7,Wiraswasta,Sedang,2.0,Tidak,0,0,0,1,Layak,Tidak Terima,Salah Tolak
P,Jauh,2020.0,19.0,Tidak,Ikut,3.8,PNS,Tinggi,1.0,Tidak,0,0,0,1,Layak,Tidak Terima,Salah Tolak
L,Dekat,2020.0,19.0,Tidak,Ikut,3.7,Wiraswasta,Tinggi,2.0,Tidak,0,0,0,1,Layak,Tidak Terima,Salah Tolak
P,Dekat,2020.0,19.0,Tidak,Ikut,3.0,Wiraswasta,Sedang,1.0,Tidak,0,0,0,1,Layak,Tidak Terima,Salah Tolak
L,Dekat,2020.0,19.0,Tidak,Ikut,1.7,Wiraswasta,Rendah,2.0,Tidak,0,0,0,1,Layak,Tidak Terima,Salah Tolak
P,Jauh,2020.0,19.0,Tidak,Ikut,3.3,Wiraswasta,Tinggi,3.0,Tidak,0,0,0,1,Layak,Tidak Terima,Salah Tolak
L,Dekat,2020.0,19.0,Tidak,Ikut,3.6,Wiraswasta,Sedang,2.0,Tidak,0,0,0,1,Layak,Tidak Terima,Salah Tolak
P,Jauh,2020.0,19.0,Tidak,Ikut,3.5,Wiraswasta,Sedang,3.0,Tidak,0,0,0,1,Layak,Tidak Terima,Salah Tolak
P,Dekat,2020.0,19.0,Ikut,Ikut,3.0,Wiraswasta,Rendah,2.0,Tidak,0,0,0,0,Layak,Tidak Terima,Salah Tolak
P,Dekat,2020.0,19.0,Ikut,Ikut,3.6,Wiraswasta,Sedang,2.0,Tidak,0,0,0,0,Layak,Tidak Terima,Salah Tolak
L,Dekat,2020.0,20.0,Tidak,Ikut,3.7,Wiraswasta,Sedang,1.0,Tidak,0,0,0,1,Layak,Tidak Terima,Salah Tolak
P,Jauh,2020.0,20.0,Tidak,Ikut,3.7,Wiraswasta,Sedang,1.0,Tidak,0,0,0,1,Layak,Tidak Terima,Salah Tolak
P,Dekat,2020.0,20.0,Tidak,Ikut,3.4,Wiraswasta,Tinggi,3.0,Tidak,0,0,0,1,Layak,Tidak Terima,Salah Tolak
P,Dekat,2020.0,20.0,Tidak,Ikut,3.7,Wiraswasta,Tinggi,2.0,Tidak,0,0,0,1,Layak,Tidak Terima,Salah Tolak
P,Dekat,2020.0,20.0,Tidak,Ikut,3.6,Wiraswasta,Rendah,2.0,Tidak,0,0,0,1,Layak,Tidak Terima,Salah Tolak
P,Jauh,2020.0,20.0,Tidak,Ikut,3.7,Wiraswasta,Tinggi,2.0,Tidak,0,0,0,1,Layak,Tidak Terima,Salah Tolak
P,Dekat,2020.0,20.0,Tidak,Ikut,3.7,Wiraswasta,Rendah,2.0,Tidak,0,0,0,1,Layak,Tidak Terima,Salah Tolak
L,Dekat,2020.0,20.0,Tidak,Tidak,3.05,Wiraswasta,Tinggi,2.0,Tidak,0,0,0,0,Layak,Tidak Terima,Salah Tolak
P,Dekat,2020.0,20.0,Tidak,Ikut,3.28,PNS,Sedang,1.0,Tidak,0,0,0,1,Layak,Tidak Terima,Salah Tolak
P,Dekat,2020.0,20.0,Tidak,Ikut,3.55,PNS,Sedang,2.0,Tidak,0,0,0,1,Layak,Tidak Terima,Salah Tolak
P,Dekat,2020.0,20.0,Tidak,Ikut,2.3,PNS,Tinggi,2.0,Tidak,0,0,0,1,Layak,Tidak Terima,Salah Tolak
P,Dekat,2020.0,20.0,Tidak,Ikut,3.3,PNS,Rendah,4.0,Tidak,0,0,0,1,Layak,Tidak Terima,Salah Tolak
P,Dekat,2020.0,20.0,Tidak,Ikut,3.22,Petani,Sedang,3.0,Tidak,0,0,0,1,Layak,Tidak Terima,Salah Tolak
L,Dekat,2020.0,20.0,Tidak,Ikut,2.8,Petani,Rendah,3.0,Tidak,0,0,0,1,Layak,Tidak Terima,Salah Tolak
L,Dekat,2020.0,20.0,Tidak,Ikut,2.07,Petani,Sedang,3.0,Tidak,0,0,0,1,Layak,Tidak Terima,Salah Tolak
P,Jauh,2020.0,20.0,Tidak,Ikut,2.0,Petani,Sedang,3.0,Tidak,0,0,0,1,Layak,Tidak Terima,Salah Tolak
L,Dekat,2020.0,20.0,Tidak,Ikut,3.34,Petani,Sedang,3.0,Tidak,0,0,0,1,Layak,Tidak Terima,Salah Tolak
L,Dekat,2020.0,20.0,Tidak,Ikut,3.54,Petani,Sedang,3.0,Tidak,0,0,0,1,Layak,Tidak Terima,Salah Tolak
P,Dekat,2020.0,20.0,Tidak,Ikut,3.44,PNS,Tinggi,3.0,Tidak,0,0,0,1,Layak,Tidak Terima,Salah Tolak
P,Dekat,2020.0,20.0,Tidak,Ikut,3.66,PNS,Sedang,1.0,Tidak,0,0,0,1,Layak,Tidak Terima,Salah Tolak
P,Dekat,2020.0,20.0,Tidak,Tidak,3.47,PNS,Tinggi,2.0,Tidak,0,0,0,0,Layak,Tidak Terima,Salah Tolak
L,Jauh,2020.0,20.0,Tidak,Ikut,3.01,PNS,Tinggi,2.0,Tidak,0,0,0,1,Layak,Tidak Terima,Salah Tolak
P,Jauh,2020.0,20.0,Tidak,Ikut,2.79,PNS,Rendah,2.0,Tidak,0,0,0,1,Layak,Tidak Terima,Salah Tolak
P,Dekat,2020.0,20.0,Tidak,Ikut,3.65,PNS,Sedang,2.0,Tidak,0,0,0,1,Layak,Tidak Terima,Salah Tolak
L,Jauh,2020.0,20.0,Tidak,Ikut,3.4,PNS,Sedang,1.0,Tidak,0,0,0,1,Layak,Tidak Terima,Salah Tolak
L,Dekat,2020.0,20.0,Tidak,Ikut,2.97,PNS,Rendah,2.0,Tidak,0,0,0,1,Layak,Tidak Terima,Salah Tolak
L,Jauh,2020.0,20.0,Tidak,Ikut,3.72,PNS,Sedang,2.0,Tidak,0,0,0,1,Layak,Tidak Terima,Salah Tolak
L,Dekat,2020.0,20.0,Tidak,Ikut,2.76,Petani,Tinggi,1.0,Tidak,0,0,0,1,Layak,Tidak Terima,Salah Tolak
P,Jauh,2020.0,20.0,Tidak,Ikut,3.36,Petani,Tinggi,2.0,Tidak,0,0,0,1,Layak,Tidak Terima,Salah Tolak
P,Dekat,2020.0,20.0,Tidak,Ikut,3.06,Petani,Tinggi,1.0,Tidak,0,0,0,1,Layak,Tidak Terima,Salah Tolak
P,Jauh,2020.0,20.0,Tidak,Ikut,3.26,Petani,Rendah,2.0,Tidak,0,0,0,1,Layak,Tidak Terima,Salah Tolak
P,Dekat,2019.0,20.0,Tidak,Ikut,3.01,Petani,Tinggi,2.0,Tidak,0,0,0,1,Layak,Tidak Terima,Salah Tolak
L,Dekat,2020.0,20.0,Tidak,Ikut,1.98,Petani,Tinggi,3.0,Tidak,0,0,0,1,Layak,Tidak Terima,Salah Tolak
L,Dekat,2020.0,20.0,Tidak,Ikut,2.45,Petani,Tinggi,2.0,Tidak,0,0,0,1,Layak,Tidak Terima,Salah Tolak
P,Jauh,2020.0,20.0,Tidak,Ikut,2.72,Petani,Tinggi,2.0,Tidak,0,0,0,1,Layak,Tidak Terima,Salah Tolak
P,Dekat,2020.0,20.0,Tidak,Ikut,2.96,Pensiunan,Tinggi,1.0,Tidak,0,0,0,1,Layak,Tidak Terima,Salah Tolak
P,Dekat,2020.0,20.0,Tidak,Ikut,3.8,PNS,Tinggi,1.0,Tidak,0,0,0,1,Layak,Tidak Terima,Salah Tolak
P,Dekat,2020.0,20.0,Tidak,Ikut,3.42,Wiraswasta,Sedang,3.0,Tidak,0,0,0,1,Layak,Tidak Terima,Salah Tolak
P,Dekat,2020.0,20.0,Tidak,Ikut,3.25,Wiraswasta,Tinggi,2.0,Tidak,0,0,0,1,Layak,Tidak Terima,Salah Tolak
L,Dekat,2020.0,20.0,Tidak,Ikut,2.43,Petani,Sedang,2.0,Tidak,0,0,0,1,Layak,Tidak Terima,Salah Tolak
P,Dekat,2020.0,20.0,Tidak,Ikut,3.48,Wirausaha,Tinggi,2.0,Tidak,0,0,0,1,Layak,Tidak Terima,Salah Tolak
P,Jauh,2020.0,20.0,Tidak,Ikut,2.89,Sudah Meninggal,Sedang,2.0,Tidak,0,0,0,1,Layak,Tidak Terima,Salah Tolak
L,Dekat,2020.0,20.0,Tidak,Ikut,1.95,Pensiunan,Sedang,2.0,Tidak,0,0,0,1,Layak,Tidak Terima,Salah Tolak
P,Dekat,2020.0,20.0,Tidak,Ikut,3.79,Sudah Meninggal,Tinggi,1.0,Tidak,0,0,0,1,Layak,Tidak Terima,Salah Tolak
L,Dekat,2020.0,20.0,Tidak,Ikut,3.32,Petani,Sedang,2.0,Tidak,0,0,0,1,Layak,Tidak Terima,Salah Tolak
P,Dekat,2020.0,22.0,Tidak,Ikut,3.68,Wiraswasta,Sedang,2.0,Tidak,0,0,0,1,Layak,Tidak Terima,Salah Tolak
P,Dekat,2020.0,22.0,Tidak,Ikut,3.21,Petani,Tinggi,4.0,Tidak,0,0,0,1,Layak,Tidak Terima,Salah Tolak
L,Dekat,2020.0,22.0,Tidak,Ikut,3.74,Wiraswasta,Tinggi,2.0,Tidak,0,0,0,1,Layak,Tidak Terima,Salah Tolak
P,Jauh,2020.0,22.0,Tidak,Ikut,3.26,Wiraswasta,Sedang,3.0,Tidak,0,0,0,1,Layak,Tidak Terima,Salah Tolak
P,Dekat,2020.0,22.0,Tidak,Ikut,3.63,PNS,Sedang,3.0,Tidak,0,0,0,1,Layak,Tidak Terima,Salah Tolak
P,Dekat,2020.0,22.0,Tidak,Ikut,3.58,Pensiunan,Tinggi,3.0,Tidak,0,0,0,1,Layak,Tidak Terima,Salah Tolak
P,Dekat,2020.0,22.0,Tidak,Ikut,0.84,Petani,Sedang,3.0,Tidak,0,0,-1,1,Layak,Tidak Terima,Salah Tolak
P,Dekat,2020.0,22.0,Tidak,Ikut,3.32,Wiraswasta,Tinggi,3.0,Tidak,0,0,0,1,Layak,Tidak Terima,Salah Tolak
P,Dekat,2020.0,22.0,Tidak,Tidak,3.32,Karyawan Swasta,Rendah,3.0,Tidak,0,0,0,0,Layak,Tidak Terima,Salah Tolak
L,Dekat,2020.0,22.0,Tidak,Ikut,3.53,PNS,Tinggi,3.0,Tidak,0,0,0,1,Layak,Tidak Terima,Salah Tolak
P,Dekat,2020.0,22.0,Tidak,Ikut,1.53,Wiraswasta,Sedang,1.0,Tidak,0,0,-1,1,Layak,Tidak Terima,Salah Tolak
P,Dekat,2020.0,22.0,Tidak,Ikut,3.0,Wiraswasta,Sedang,2.0,Tidak,0,0,0,1,Layak,Tidak Terima,Salah Tolak
P,Dekat,2020.0,22.0,Tidak,Ikut,3.42,Wiraswasta,Sedang,2.0,Tidak,0,0,0,1,Layak,Tidak Terima,Salah Tolak
P,Dekat,2020.0,22.0,Tidak,Ikut,1.42,Wiraswasta,Sedang,2.0,Tidak,0,0,-1,1,Layak,Tidak Terima,Salah Tolak
P,Dekat,2020.0,22.0,Tidak,Ikut,3.47,Wiraswasta,Sedang,2.0,Tidak,0,0,0,1,Layak,Tidak Terima,Salah Tolak
L,Dekat,2019.0,22.0,Tidak,Ikut,3.21,Wiraswasta,Sedang,2.0,Tidak,0,0,0,1,Layak,Tidak Terima,Salah Tolak
P,Dekat,2020.0,22.0,Tidak,Ikut,3.37,Wiraswasta,Sedang,2.0,Tidak,0,0,0,1,Layak,Tidak Terima,Salah Tolak
P,Dekat,2020.0,22.0,Tidak,Ikut,3.21,Wiraswasta,Sedang,1.0,Tidak,0,0,0,1,Layak,Tidak Terima,Salah Tolak
P,Dekat,2020.0,22.0,Tidak,Ikut,3.58,Wiraswasta,Sedang,2.0,Tidak,0,0,0,1,Layak,Tidak Terima,Salah Tolak
P,Dekat,2020.0,22.0,Tidak,Ikut,3.68,Wiraswasta,Sedang,1.0,Tidak,0,0,0,1,Layak,Tidak Terima,Salah Tolak
L,Dekat,2020.0,22.0,Tidak,Ikut,1.21,PNS,Tinggi,2.0,Tidak,0,0,-1,1,Layak,Tidak Terima,Salah Tolak
P,Jauh,2020.0,22.0,Tidak,Ikut,3.11,Wiraswasta,Sedang,3.0,Tidak,0,0,0,1,Layak,Tidak Terima,Salah Tolak
P,Dekat,2020.0,22.0,Tidak,Ikut,3.42,Petani,Sedang,3.0,Tidak,0,0,0,1,Layak,Tidak Terima,Salah Tolak
P,Dekat,2020.0,22.0,Tidak,Ikut,3.52,Wirausaha,Sedang,2.0,Tidak,0,0,0,1,Layak,Tidak Terima,Salah Tolak
P,Dekat,2020.0,22.0,Tidak,Ikut,3.42,Sudah Meninggal,Sedang,3.0,Tidak,0,0,0,1,Layak,Tidak Terima,Salah Tolak
L,Dekat,2020.0,22.0,Tidak,Ikut,3.33,Pensiunan,Sedang,2.0,Tidak,0,0,0,1,Layak,Tidak Terima,Salah Tolak
P,Dekat,2020.0,22.0,Tidak,Ikut,3.5,Sudah Meninggal,Sedang,1.0,Tidak,0,0,0,1,Layak,Tidak Terima,Salah Tolak
L,Dekat,2020.0,22.0,Tidak,Tidak,3.2,Petani,Sedang,1.0,Tidak,0,0,0,0,Layak,Tidak Terima,Salah Tolak
P,Dekat,2020.0,22.0,Tidak,Ikut,3.09,Petani,Sedang,2.0,Tidak,0,0,0,1,Layak,Tidak Terima,Salah Tolak
L,Dekat,2020.0,22.0,Tidak,Ikut,3.42,Wiraswasta,Sedang,2.0,Tidak,0,0,0,1,Layak,Tidak Terima,Salah Tolak
L,Dekat,2020.0,22.0,Tidak,Ikut,3.52,Wiraswasta,Sedang,2.0,Tidak,0,0,0,1,Layak,Tidak Terima,Salah Tolak
L,Jauh,2020.0,22.0,Tidak,Ikut,3.8,PNS,Sedang,2.0,Tidak,0,0,0,1,Layak,Tidak Terima,Salah Tolak
P,Jauh,2020.0,22.0,Tidak,Ikut,3.6,Pensiunan,Sedang,2.0,Tidak,0,0,0,1,Layak,Tidak Terima,Salah Tolak
P,Jauh,2020.0,22.0,Tidak,Ikut,3.6,Petani,Sedang,1.0,Tidak,0,0,0,1,Layak,Tidak Terima,Salah Tolak
P,Dekat,2020.0,22.0,Tidak,Ikut,3.8,Wiraswasta,Sedang,1.0,Tidak,0,0,0,1,Layak,Tidak Terima,Salah Tolak
P,Dekat,2020.0,22.0,Tidak,Ikut,3.8,Karyawan Swasta,Sedang,1.0,Tidak,0,0,0,1,Layak,Tidak Terima,Salah Tolak
L,Dekat,2020.0,22.0,Tidak,Ikut,3.5,PNS,Sedang,1.0,Tidak,0,0,0,1,Layak,Tidak Terima,Salah Tolak
L,Dekat,2020.0,22.0,Tidak,Ikut,3.7,Wiraswasta,Sedang,2.0,Tidak,0,0,0,1,Layak,Tidak Terima,Salah Tolak
P,Dekat,2020.0,22.0,Tidak,Ikut,3.6,Wiraswasta,Sedang,2.0,Tidak,0,0,0,1,Layak,Tidak Terima,Salah Tolak
P,Dekat,2020.0,22.0,Tidak,Ikut,3.41,Wiraswasta,Tinggi,3.0,Tidak,0,0,0,1,Layak,Tidak Terima,Salah Tolak
P,Jauh,2020.0,22.0,Tidak,Ikut,3.46,Wiraswasta,Sedang,3.0,Tidak,0,0,0,1,Layak,Tidak Terima,Salah Tolak
P,Dekat,2020.0,22.0,Tidak,Ikut,3.58,Wiraswasta,Tinggi,3.0,Tidak,0,0,0,1,Layak,Tidak Terima,Salah Tolak
P,Jauh,2020.0,22.0,Ikut,Ikut,3.52,Wiraswasta,Tinggi,3.0,Tidak,0,0,0,0,Layak,Tidak Terima,Salah Tolak
L,Jauh,2020.0,22.0,Ikut,Ikut,3.62,Wiraswasta,Sedang,3.0,Tidak,0,0,0,0,Layak,Tidak Terima,Salah Tolak
P,Jauh,2020.0,19.0,Tidak,Ikut,3.38,Wiraswasta,Sedang,1.0,Tidak,0,0,0,1,Layak,Tidak Terima,Salah Tolak
P,Jauh,2020.0,19.0,Tidak,Ikut,3.21,Wiraswasta,Sedang,2.0,Tidak,0,0,0,1,Layak,Tidak Terima,Salah Tolak
P,Dekat,2020.0,19.0,Tidak,Ikut,3.64,Wiraswasta,Sedang,2.0,Tidak,0,0,0,1,Layak,Tidak Terima,Salah Tolak
L,Jauh,2020.0,19.0,Tidak,Ikut,3.41,PNS,Sedang,2.0,Tidak,0,0,0,1,Layak,Tidak Terima,Salah Tolak
L,Jauh,2020.0,19.0,Tidak,Ikut,3.48,Wiraswasta,Sedang,2.0,Tidak,0,0,0,1,Layak,Tidak Terima,Salah Tolak
L,Jauh,2020.0,19.0,Tidak,Ikut,3.28,Wiraswasta,Sedang,1.0,Tidak,0,0,0,1,Layak,Tidak Terima,Salah Tolak
P,Jauh,2020.0,19.0,Tidak,Ikut,3.34,Petani,Sedang,2.0,Tidak,0,0,0,1,Layak,Tidak Terima,Salah Tolak
P,Jauh,2020.0,19.0,Tidak,Ikut,3.56,Wirausaha,Sedang,2.0,Tidak,0,0,0,1,Layak,Tidak Terima,Salah Tolak
L,Dekat,2020.0,19.0,Tidak,Ikut,3.09,Sudah Meninggal,Sedang,1.0,Tidak,0,0,0,1,Layak,Tidak Terima,Salah Tolak
L,Jauh,2020.0,19.0,Tidak,Ikut,3.41,Pensiunan,Sedang,2.0,Tidak,0,0,0,1,Layak,Tidak Terima,Salah Tolak
P,Jauh,2020.0,19.0,Tidak,Ikut,3.78,Sudah Meninggal,Sedang,1.0,Tidak,0,0,0,1,Layak,Tidak Terima,Salah Tolak
L,Jauh,2020.0,19.0,Tidak,Ikut,2.84,Petani,Sedang,2.0,Tidak,0,0,0,1,Layak,Tidak Terima,Salah Tolak
P,Jauh,2020.0,19.0,Tidak,Ikut,3.56,Wiraswasta,Sedang,3.0,Tidak,0,0,0,1,Layak,Tidak Terima,Salah Tolak
P,Jauh,2020.0,19.0,Tidak,Ikut,3.63,Petani,Sedang,2.0,Tidak,0,0,0,1,Layak,Tidak Terima,Salah Tolak
L,Jauh,2020.0,19.0,Tidak,Ikut,2.96,Wiraswasta,Sedang,2.0,Tidak,0,0,0,1,Layak,Tidak Terima,Salah Tolak
L,Jauh,2020.0,19.0,Tidak,Ikut,3.04,PNS,Sedang,3.0,Tidak,0,0,0,1,Layak,Tidak Terima,Salah Tolak
L,Jauh,2020.0,19.0,Tidak,Ikut,2.55,Pensiunan,Sedang,2.0,Tidak,0,0,0,1,Layak,Tidak Terima,Salah Tolak
P,Jauh,2020.0,19.0,Tidak,Ikut,2.37,Petani,Sedang,1.0,Tidak,0,0,0,1,Layak,Tidak Terima,Salah Tolak
P,Dekat,2020.0,19.0,Tidak,Ikut,2.36,Wiraswasta,Sedang,1.0,Tidak,0,0,0,1,Layak,Tidak Terima,Salah Tolak
L,Jauh,2020.0,19.0,Tidak,Ikut,3.36,Karyawan Swasta,Sedang,3.0,Tidak,0,0,0,1,Layak,Tidak Terima,Salah Tolak
P,Jauh,2020.0,19.0,Tidak,Ikut,3.0,PNS,Sedang,2.0,Tidak,0,0,0,1,Layak,Tidak Terima,Salah Tolak
P,Dekat,2020.0,19.0,Tidak,Ikut,2.99,Wiraswasta,Sedang,2.0,Tidak,0,0,0,1,Layak,Tidak Terima,Salah Tolak
P,Dekat,2020.0,19.0,Tidak,Ikut,3.15,Wiraswasta,Sedang,2.0,Tidak,0,0,0,1,Layak,Tidak Terima,Salah Tolak
P,Jauh,2020.0,19.0,Tidak,Ikut,2.23,Wiraswasta,Sedang,2.0,Tidak,0,0,0,1,Layak,Tidak Terima,Salah Tolak
P,Jauh,2020.0,22.0,Ikut,Ikut,2.86,Wiraswasta,Sedang,1.0,Tidak,0,0,0,0,Layak,Tidak Terima,Salah Tolak
P,Jauh,2020.0,22.0,Tidak,Ikut,2.98,Wiraswasta,Sedang,2.0,Tidak,0,0,0,1,Layak,Tidak Terima,Salah Tolak
P,Dekat,2020.0,22.0,Tidak,Ikut,3.41,Wiraswasta,Sedang,2.0,Tidak,0,0,0,1,Layak,Tidak Terima,Salah Tolak
P,Jauh,2020.0,22.0,Tidak,Ikut,3.16,Wiraswasta,Sedang,4.0,Tidak,0,0,0,1,Layak,Tidak Terima,Salah Tolak
P,Dekat,2020.0,22.0,Tidak,Ikut,3.31,Wiraswasta,Sedang,3.0,Tidak,0,0,0,1,Layak,Tidak Terima,Salah Tolak
P,Jauh,2020.0,22.0,Tidak,Ikut,3.19,Wiraswasta,Sedang,3.0,Tidak,0,0,0,1,Layak,Tidak Terima,Salah Tolak
P,Dekat,2019.0,22.0,Tidak,Ikut,3.23,Wiraswasta,Sedang,3.0,Tidak,0,0,0,1,Layak,Tidak Terima,Salah Tolak
P,Jauh,2020.0,22.0,Tidak,Ikut,3.51,PNS,Sedang,3.0,Tidak,0,0,0,1,Layak,Tidak Terima,Salah Tolak
P,Jauh,2020.0,22.0,Tidak,Ikut,3.52,Wiraswasta,Sedang,3.0,Tidak,0,0,0,1,Layak,Tidak Terima,Salah Tolak
P,Jauh,2020.0,22.0,Tidak,Ikut,2.99,Wiraswasta,Sedang,3.0,Tidak,0,0,0,1,Layak,Tidak Terima,Salah Tolak
L,Dekat,2020.0,22.0,Tidak,Ikut,3.28,Petani,Sedang,3.0,Tidak,0,0,0,1,Layak,Tidak Terima,Salah Tolak
P,Dekat,2020.0,22.0,Tidak,Ikut,3.02,Wirausaha,Sedang,3.0,Tidak,0,0,0,1,Layak,Tidak Terima,Salah Tolak
P,Jauh,2020.0,22.0,Tidak,Ikut,3.18,Sudah Meninggal,Sedang,1.0,Tidak,0,0,0,1,Layak,Tidak Terima,Salah Tolak
P,Jauh,2020.0,22.0,Tidak,Ikut,3.27,Pensiunan,Sedang,2.0,Tidak,0,0,0,1,Layak,Tidak Terima,Salah Tolak
P,Dekat,2020.0,22.0,Tidak,Ikut,3.12,Sudah Meninggal,Sedang,2.0,Tidak,0,0,0,1,Layak,Tidak Terima,Salah Tolak
P,Dekat,2020.0,22.0,Tidak,Ikut,2.98,Petani,Sedang,2.0,Tidak,0,0,0,1,Layak,Tidak Terima,Salah Tolak
P,Jauh,2020.0,22.0,Tidak,Ikut,3.12,Wiraswasta,Sedang,2.0,Tidak,0,0,0,1,Layak,Tidak Terima,Salah Tolak
P,Dekat,2020.0,22.0,Tidak,Ikut,3.41,Petani,Sedang,1.0,Tidak,0,0,0,1,Layak,Tidak Terima,Salah Tolak
L,Jauh,2020.0,22.0,Tidak,Ikut,3.04,Wiraswasta,Sedang,2.0,Tidak,0,0,0,1,Layak,Tidak Terima,Salah Tolak
P,Jauh,2020.0,22.0,Tidak,Ikut,3.36,PNS,Sedang,1.0,Tidak,0,0,0,1,Layak,Tidak Terima,Salah Tolak
P,Dekat,2020.0,22.0,Tidak,Ikut,3.06,Pensiunan,Sedang,2.0,Tidak,0,0,0,1,Layak,Tidak Terima,Salah Tolak
P,Jauh,2020.0,22.0,Tidak,Ikut,3.17,Petani,Sedang,1.0,Tidak,0,0,0,1,Layak,Tidak Terima,Salah Tolak
P,Jauh,2020.0,22.0,Tidak,Ikut,3.6,Wiraswasta,Sedang,2.0,Tidak,0,0,0,1,Layak,Tidak Terima,Salah Tolak
P,Dekat,2020.0,22.0,Tidak,Ikut,3.1,Karyawan Swasta,Sedang,3.0,Tidak,0,0,0,1,Layak,Tidak Terima,Salah Tolak
P,Dekat,2020.0,22.0,Tidak,Ikut,3.25,PNS,Sedang,2.0,Tidak,0,0,0,1,Layak,Tidak Terima,Salah Tolak
P,Dekat,2020.0,22.0,Tidak,Ikut,3.17,Wiraswasta,Sedang,3.0,Tidak,0,0,0,1,Layak,Tidak Terima,Salah Tolak
P,Jauh,2020.0,22.0,Tidak,Ikut,3.29,Wiraswasta,Sedang,2.0,Tidak,0,0,0,1,Layak,Tidak Terima,Salah Tolak
P,Jauh,2020.0,22.0,Tidak,Ikut,3.27,Wiraswasta,Sedang,3.0,Tidak,0,0,0,1,Layak,Tidak Terima,Salah Tolak
L,Dekat,2020.0,22.0,Tidak,Ikut,3.44,Wiraswasta,Sedang,1.0,Tidak,0,0,0,1,Layak,Tidak Terima,Salah Tolak
P,Jauh,2020.0,22.0,Tidak,Ikut,3.27,Wiraswasta,Sedang,1.0,Tidak,0,0,0,1,Layak,Tidak Terima,Salah Tolak
P,Dekat,2020.0,22.0,Tidak,Ikut,3.1,Wiraswasta,Tinggi,3.0,Tidak,0,0,0,1,Layak,Tidak Terima,Salah Tolak
P,Dekat,2020.0,22.0,Tidak,Ikut,3.01,Wiraswasta,Sedang,2.0,Tidak,0,0,0,1,Layak,Tidak Terima,Salah Tolak
L,Dekat,2020.0,22.0,Tidak,Ikut,3.21,Wiraswasta,Rendah,2.0,Tidak,0,0,0,1,Layak,Tidak Terima,Salah Tolak
L,Dekat,2020.0,22.0,Tidak,Ikut,3.12,Wiraswasta,Sedang,2.0,Tidak,0,0,0,1,Layak,Tidak Terima,Salah Tolak
P,Dekat,2020.0,22.0,Tidak,Ikut,3.03,Wiraswasta,Sedang,2.0,Tidak,0,0,0,1,Layak,Tidak Terima,Salah Tolak
P,Jauh,2020.0,22.0,Tidak,Ikut,3.33,PNS,Rendah,2.0,Tidak,0,0,0,1,Layak,Tidak Terima,Salah Tolak
P,Dekat,2020.0,22.0,Tidak,Ikut,2.59,Wiraswasta,Tinggi,1.0,Tidak,0,0,0,1,Layak,Tidak Terima,Salah Tolak
P,Jauh,2020.0,22.0,Tidak,Ikut,3.33,Wiraswasta,Tinggi,2.0,Tidak,0,0,0,1,Layak,Tidak Terima,Salah Tolak
P,Dekat,2020.0,22.0,Tidak,Ikut,3.32,Petani,Sedang,2.0,Tidak,0,0,0,1,Layak,Tidak Terima,Salah Tolak
P,Dekat,2020.0,22.0,Tidak,Ikut,3.16,Wirausaha,Tinggi,4.0,Tidak,0,0,0,1,Layak,Tidak Terima,Salah Tolak
L,Dekat,2020.0,22.0,Tidak,Ikut,3.07,Sudah Meninggal,Sedang,3.0,Tidak,0,0,0,1,Layak,Tidak Terima,Salah Tolak
L,Jauh,2020.0,22.0,Tidak,Ikut,2.92,Pensiunan,Sedang,3.0,Tidak,0,0,0,1,Layak,Tidak Terima,Salah Tolak
P,Jauh,2020.0,22.0,Tidak,Ikut,2.41,Petani,Tinggi,3.0,Tidak,0,0,0,1,Layak,Tidak Terima,Salah Tolak
P,Jauh,2020.0,22.0,Tidak,Ikut,3.21,Wiraswasta,Tinggi,3.0,Tidak,0,0,0,1,Layak,Tidak Terima,Salah Tolak
L,Jauh,2020.0,22.0,Tidak,Ikut,3.16,Petani,Tinggi,3.0,Tidak,0,0,0,1,Layak,Tidak Terima,Salah Tolak
P,Dekat,2020.0,22.0,Tidak,Ikut,3.23,Wiraswasta,Tinggi,3.0,Tidak,0,0,0,1,Layak,Tidak Terima,Salah Tolak
P,Dekat,2020.0,22.0,Tidak,Ikut,3.15,Wiraswasta,Tinggi,3.0,Tidak,0,0,0,1,Layak,Tidak Terima,Salah Tolak
P,Dekat,2020.0,22.0,Tidak,Ikut,3.11,PNS,Tinggi,1.0,Tidak,0,0,0,1,Layak,Tidak Terima,Salah Tolak
P,Dekat,2020.0,22.0,Tidak,Ikut,3.08,Pensiunan,Tinggi,2.0,Tidak,0,0,0,1,Layak,Tidak Terima,Salah Tolak
L,Dekat,2020.0,22.0,Tidak,Ikut,2.88,Petani,Tinggi,2.0,Tidak,0,0,0,1,Layak,Tidak Terima,Salah Tolak
P,Jauh,2020.0,22.0,Ikut,Ikut,3.22,Wiraswasta,Tinggi,2.0,Tidak,0,0,0,0,Layak,Tidak Terima,Salah Tolak
P,Jauh,2020.0,22.0,Tidak,Ikut,3.16,Karyawan Swasta,Sedang,2.0,Tidak,0,0,0,1,Layak,Tidak Terima,Salah Tolak
L,Jauh,2020.0,22.0,Tidak,Ikut,3.18,PNS,Tinggi,1.0,Tidak,0,0,0,1,Layak,Tidak Terima,Salah Tolak
P,Jauh,2019.0,22.0,Tidak,Ikut,3.26,Wiraswasta,Sedang,2.0,Tidak,0,0,0,1,Layak,Tidak Terima,Salah Tolak
P,Dekat,2020.0,22.0,Tidak,Ikut,3.26,Wiraswasta,Sedang,2.0,Tidak,0,0,0,1,Layak,Tidak Terima,Salah Tolak
L,Dekat,2020.0,22.0,Tidak,Ikut,3.37,Wiraswasta,Rendah,1.0,Tidak,0,0,0,1,Layak,Tidak Terima,Salah Tolak
P,Dekat,2020.0,22.0,Tidak,Ikut,3.21,Wiraswasta,Sedang,2.0,Tidak,0,0,0,1,Layak,Tidak Terima,Salah Tolak
L,Jauh,2020.0,22.0,Tidak,Ikut,3.26,Wiraswasta,Rendah,1.0,Tidak,0,0,0,1,Layak,Tidak Terima,Salah Tolak
P,Dekat,2020.0,22.0,Tidak,Ikut,3.32,Wiraswasta,Rendah,2.0,Tidak,0,0,0,1,Layak,Tidak Terima,Salah Tolak
P,Jauh,2020.0,22.0,Ikut,Ikut,3.58,Wiraswasta,Tinggi,3.0,Tidak,0,0,0,0,Layak,Tidak Terima,Salah Tolak
L,Dekat,2020.0,24.0,Tidak,Ikut,3.0,Wiraswasta,Rendah,2.0,Tidak,0,0,0,1,Layak,Tidak Terima,Salah Tolak
P,Dekat,2020.0,24.0,Tidak,Ikut,3.58,Wiraswasta,Sedang,3.0,Tidak,0,0,0,1,Layak,Tidak Terima,Salah Tolak
L,Dekat,2020.0,24.0,Tidak,Ikut,0.42,Wiraswasta,Sedang,2.0,Tidak,0,0,-1,1,Layak,Tidak Terima,Salah Tolak
P,Jauh,2020.0,24.0,Tidak,Ikut,3.16,Wiraswasta,Rendah,3.0,Tidak,0,0,0,1,Layak,Tidak Terima,Salah Tolak
P,Jauh,2020.0,24.0,Tidak,Ikut,3.26,PNS,Tinggi,2.0,Tidak,0,0,0,1,Layak,Tidak Terima,Salah Tolak
P,Dekat,2020.0,24.0,Tidak,Ikut,3.11,Wiraswasta,Tinggi,1.0,Tidak,0,0,0,1,Layak,Tidak Terima,Salah Tolak
L,Dekat,2020.0,24.0,Tidak,Ikut,3.11,Wiraswasta,Sedang,1.0,Tidak,0,0,0,1,Layak,Tidak Terima,Salah Tolak
P,Dekat,2020.0,24.0,Ikut,Ikut,3.49,Petani,Sedang,3.0,Tidak,0,0,0,0,Layak,Tidak Terima,Salah Tolak
P,Dekat,2020.0,24.0,Ikut,Ikut,3.59,Wirausaha,Tinggi,2.0,Tidak,0,0,0,0,Layak,Tidak Terima,Salah Tolak
P,Jauh,2020.0,24.0,Ikut,Ikut,3.42,Sudah Meninggal,Tinggi,2.0,Tidak,0,0,0,0,Layak,Tidak Terima,Salah Tolak
L,Dekat,2020.0,24.0,Tidak,Ikut,3.54,Pensiunan,Tinggi,2.0,Tidak,0,0,0,1,Layak,Tidak Terima,Salah Tolak
P,Jauh,2020.0,24.0,Tidak,Ikut,3.51,Sudah Meninggal,Sedang,2.0,Tidak,0,0,0,1,Layak,Tidak Terima,Salah Tolak
P,Jauh,2020.0,24.0,Tidak,Ikut,3.43,Petani,Tinggi,2.0,Tidak,0,0,0,1,Layak,Tidak Terima,Salah Tolak
P,Jauh,2020.0,24.0,Tidak,Ikut,3.33,Petani,Sedang,2.0,Tidak,0,0,0,1,Layak,Tidak Terima,Salah Tolak
P,Dekat,2020.0,24.0,Tidak,Ikut,3.52,Wiraswasta,Sedang,2.0,Tidak,0,0,0,1,Layak,Tidak Terima,Salah Tolak
P,Jauh,2020.0,24.0,Tidak,Ikut,3.46,Wiraswasta,Tinggi,4.0,Tidak,0,0,0,1,Layak,Tidak Terima,Salah Tolak
P,Jauh,2020.0,24.0,Tidak,Ikut,3.22,PNS,Tinggi,3.0,Tidak,0,0,0,1,Layak,Tidak Terima,Salah Tolak
P,Dekat,2020.0,24.0,Tidak,Ikut,2.78,Pensiunan,Tinggi,3.0,Tidak,0,0,0,1,Layak,Tidak Terima,Salah Tolak
P,Jauh,2020.0,24.0,Tidak,Ikut,2.36,Petani,Tinggi,3.0,Tidak,0,0,0,1,Layak,Tidak Terima,Salah Tolak
P,Jauh,2020.0,24.0,Tidak,Ikut,3.41,Wiraswasta,Tinggi,3.0,Tidak,0,0,0,1,Layak,Tidak Terima,Salah Tolak
P,Dekat,2020.0,24.0,Tidak,Ikut,2.94,Karyawan Swasta,Tinggi,3.0,Tidak,0,0,0,1,Layak,Tidak Terima,Salah Tolak
P,Dekat,2020.0,24.0,Tidak,Ikut,3.49,PNS,Tinggi,3.0,Tidak,0,0,0,1,Layak,Tidak Terima,Salah Tolak
P,Jauh,2020.0,24.0,Tidak,Ikut,3.6,Wiraswasta,Tinggi,3.0,Tidak,0,0,0,1,Layak,Tidak Terima,Salah Tolak
P,Jauh,2020.0,24.0,Tidak,Ikut,3.68,Wiraswasta,Tinggi,3.0,Tidak,0,0,0,1,Layak,Tidak Terima,Salah Tolak
L,Jauh,2020.0,24.0,Tidak,Ikut,3.39,Wiraswasta,Sedang,1.0,Tidak,0,0,0,1,Layak,Tidak Terima,Salah Tolak
P,Jauh,2020.0,24.0,Tidak,Ikut,3.48,Wiraswasta,Tinggi,2.0,Tidak,0,0,0,1,Layak,Tidak Terima,Salah Tolak
L,Dekat,2020.0,24.0,Tidak,Ikut,2.43,Wiraswasta,Sedang,2.0,Tidak,0,0,0,1,Layak,Tidak Terima,Salah Tolak
L,Jauh,2020.0,24.0,Tidak,Ikut,3.62,Wiraswasta,Sedang,2.0,Tidak,0,0,0,1,Layak,Tidak Terima,Salah Tolak
P,Dekat,2020.0,24.0,Tidak,Ikut,3.53,Wiraswasta,Rendah,2.0,Tidak,0,0,0,1,Layak,Tidak Terima,Salah Tolak
P,Jauh,2019.0,24.0,Tidak,Ikut,2.84,Wiraswasta,Sedang,1.0,Tidak,0,0,0,1,Layak,Tidak Terima,Salah Tolak
P,Dekat,2020.0,24.0,Tidak,Ikut,3.14,Wiraswasta,Rendah,2.0,Tidak,0,0,0,1,Layak,Tidak Terima,Salah Tolak
P,Jauh,2020.0,24.0,Tidak,Ikut,3.49,Wiraswasta,Rendah,2.0,Tidak,0,0,0,1,Layak,Tidak Terima,Salah Tolak
P,Jauh,2020.0,24.0,Tidak,Ikut,2.69,Wiraswasta,Tinggi,1.0,Tidak,0,0,0,1,Layak,Tidak Terima,Salah Tolak
L,Jauh,2020.0,24.0,Tidak,Ikut,3.64,PNS,Rendah,2.0,Tidak,0,0,0,1,Layak,Tidak Terima,Salah Tolak
P,Dekat,2020.0,24.0,Tidak,Ikut,3.45,Wiraswasta,Sedang,1.0,Tidak,0,0,0,1,Layak,Tidak Terima,Salah Tolak
P,Jauh,2020.0,24.0,Tidak,Ikut,2.85,Wiraswasta,Sedang,2.0,Tidak,0,0,0,1,Layak,Tidak Terima,Salah Tolak
P,Jauh,2020.0,24.0,Tidak,Ikut,3.2,Petani,Rendah,3.0,Tidak,0,0,0,1,Layak,Tidak Terima,Salah Tolak
L,Jauh,2020.0,24.0,Tidak,Ikut,2.74,Wirausaha,Tinggi,2.0,Tidak,0,0,0,1,Layak,Tidak Terima,Salah Tolak
L,Dekat,2020.0,24.0,Tidak,Ikut,3.21,Sudah Meninggal,Tinggi,3.0,Tidak,0,0,0,1,Layak,Tidak Terima,Salah Tolak
P,Dekat,2020.0,24.0,Tidak,Ikut,2.95,Pensiunan,Sedang,2.0,Tidak,0,0,0,1,Layak,Tidak Terima,Salah Tolak
L,Jauh,2020.0,24.0,Tidak,Ikut,2.93,Sudah Meninggal,Sedang,3.0,Tidak,0,0,0,1,Layak,Tidak Terima,Salah Tolak
L,Dekat,2020.0,24.0,Tidak,Ikut,2.97,Petani,Tinggi,2.0,Tidak,0,0,0,1,Layak,Tidak Terima,Salah Tolak
P,Jauh,2020.0,24.0,Tidak,Ikut,2.93,Wiraswasta,Tinggi,1.0,Tidak,0,0,0,1,Layak,Tidak Terima,Salah Tolak
P,Dekat,2020.0,24.0,Tidak,Ikut,3.29,Petani,Tinggi,1.0,Tidak,0,0,0,1,Layak,Tidak Terima,Salah Tolak
L,Jauh,2020.0,24.0,Ikut,Ikut,3.56,Wiraswasta,Sedang,3.0,Tidak,0,0,0,0,Layak,Tidak Terima,Salah Tolak
P,Dekat,2020.0,24.0,Ikut,Ikut,3.7,Wiraswasta,Tinggi,2.0,Tidak,0,0,0,0,Layak,Tidak Terima,Salah Tolak
P,Dekat,2020.0,24.0,Tidak,Ikut,3.36,PNS,Sedang,2.0,Tidak,0,0,0,1,Layak,Tidak Terima,Salah Tolak
P,Dekat,2020.0,24.0,Tidak,Ikut,3.2,Pensiunan,Sedang,2.0,Tidak,0,0,0,1,Layak,Tidak Terima,Salah Tolak
L,Dekat,2020.0,24.0,Tidak,Ikut,3.53,Petani,Sedang,2.0,Tidak,0,0,0,1,Layak,Tidak Terima,Salah Tolak
P,Dekat,2020.0,24.0,Tidak,Ikut,3.42,Wiraswasta,Tinggi,2.0,Tidak,0,0,0,1,Layak,Tidak Terima,Salah Tolak
P,Dekat,2020.0,24.0,Tidak,Ikut,3.32,Karyawan Swasta,Tinggi,1.0,Tidak,0,0,0,1,Layak,Tidak Terima,Salah Tolak
P,Jauh,2020.0,24.0,Tidak,Ikut,3.62,PNS,Tinggi,2.0,Tidak,0,0,0,1,Layak,Tidak Terima,Salah Tolak
L,Jauh,2020.0,24.0,Tidak,Ikut,3.24,Wiraswasta,Tinggi,2.0,Tidak,0,0,0,1,Layak,Tidak Terima,Salah Tolak
L,Jauh,2020.0,24.0,Tidak,Ikut,3.31,Wiraswasta,Tinggi,2.0,Tidak,0,0,0,1,Layak,Tidak Terima,Salah Tolak
L,Dekat,2020.0,24.0,Tidak,Ikut,3.28,Wiraswasta,Tinggi,2.0,Tidak,0,0,0,1,Layak,Tidak Terima,Salah Tolak
L,Jauh,2020.0,24.0,Tidak,Ikut,3.68,Wiraswasta,Tinggi,2.0,Tidak,0,0,0,1,Layak,Tidak Terima,Salah Tolak
L,Dekat,2020.0,24.0,Tidak,Ikut,3.34,Wiraswasta,Tinggi,2.0,Tidak,0,0,0,1,Layak,Tidak Terima,Salah Tolak
P,Dekat,2020.0,24.0,Tidak,Ikut,3.49,Wiraswasta,Tinggi,3.0,Tidak,0,0,0,1,Layak,Tidak Terima,Salah Tolak
P,Dekat,2020.0,24.0,Tidak,Ikut,3.5,Wiraswasta,Sedang,1.0,Tidak,0,0,0,1,Layak,Tidak Terima,Salah Tolak
P,Dekat,2020.0,24.0,Tidak,Ikut,3.16,Wiraswasta,Tinggi,3.0,Tidak,0,0,0,1,Layak,Tidak Terima,Salah Tolak
P,Dekat,2020.0,24.0,Tidak,Ikut,3.43,Wiraswasta,Sedang,3.0,Tidak,0,0,0,1,Layak,Tidak Terima,Salah Tolak
P,Jauh,2020.0,24.0,Tidak,Ikut,3.58,Wiraswasta,Sedang,3.0,Tidak,0,0,0,1,Layak,Tidak Terima,Salah Tolak
L,Dekat,2020.0,24.0,Tidak,Ikut,3.06,Wiraswasta,Rendah,2.0,Tidak,0,0,0,1,Layak,Tidak Terima,Salah Tolak
P,Jauh,2020.0,24.0,Tidak,Ikut,3.39,Petani,Sedang,3.0,Tidak,0,0,0,1,Layak,Tidak Terima,Salah Tolak
P,Dekat,2020.0,24.0,Tidak,Ikut,3.39,Wiraswasta,Rendah,3.0,Tidak,0,0,0,1,Layak,Tidak Terima,Salah Tolak
P,Dekat,2020.0,24.0,Tidak,Ikut,3.53,PNS,Tinggi,4.0,Tidak,0,0,0,1,Layak,Tidak Terima,Salah Tolak
P,Jauh,2020.0,24.0,Tidak,Ikut,3.4,Pensiunan,Rendah,4.0,Tidak,0,0,0,1,Layak,Tidak Terima,Salah Tolak
P,Dekat,2020.0,24.0,Tidak,Ikut,3.59,Petani,Sedang,2.0,Tidak,0,0,0,1,Layak,Tidak Terima,Salah Tolak
L,Jauh,2020.0,24.0,Tidak,Ikut,3.58,Wiraswasta,Sedang,3.0,Tidak,0,0,0,1,Layak,Tidak Terima,Salah Tolak
P,Jauh,2020.0,24.0,Tidak,Ikut,3.07,Karyawan Swasta,Rendah,1.0,Tidak,0,0,0,1,Layak,Tidak Terima,Salah Tolak
P,Jauh,2020.0,24.0,Tidak,Ikut,3.45,PNS,Tinggi,2.0,Tidak,0,0,0,1,Layak,Tidak Terima,Salah Tolak
P,Dekat,2020.0,23.0,Tidak,Ikut,3.46,Karyawan Swasta,Tinggi,2.0,Tidak,0,0,0,1,Layak,Tidak Terima,Salah Tolak
P,Dekat,2020.0,23.0,Tidak,Ikut,3.74,Wiraswasta,Tinggi,3.0,Tidak,0,0,0,1,Layak,Tidak Terima,Salah Tolak
P,Dekat,2019.0,23.0,Tidak,Ikut,3.39,Wiraswasta,Sedang,2.0,Tidak,0,0,0,1,Layak,Tidak Terima,Salah Tolak
P,Dekat,2020.0,23.0,Tidak,Ikut,3.22,Wiraswasta,Tinggi,2.0,Tidak,0,0,0,1,Layak,Tidak Terima,Salah Tolak
P,Jauh,2020.0,23.0,Tidak,Ikut,3.13,Karyawan Swasta,Tinggi,2.0,Tidak,0,0,0,1,Layak,Tidak Terima,Salah Tolak
P,Jauh,2020.0,23.0,Tidak,Ikut,3.22,Wiraswasta,Sedang,2.0,Tidak,0,0,0,1,Layak,Tidak Terima,Salah Tolak
P,Jauh,2020.0,23.0,Tidak,Ikut,3.3,Karyawan Swasta,Tinggi,2.0,Tidak,0,0,0,1,Layak,Tidak Terima,Salah Tolak
P,Jauh,2020.0,23.0,Tidak,Ikut,3.22,Wiraswasta,Rendah,3.0,Tidak,0,0,0,1,Layak,Tidak Terima,Salah Tolak
P,Dekat,2020.0,23.0,Tidak,Ikut,3.3,Wiraswasta,Rendah,3.0,Tidak,0,0,0,1,Layak,Tidak Terima,Salah Tolak
P,Dekat,2020.0,23.0,Tidak,Ikut,3.22,Wiraswasta,Tinggi,3.0,Tidak,0,0,0,1,Layak,Tidak Terima,Salah Tolak
P,Dekat,2020.0,23.0,Tidak,Ikut,3.3,PNS,Tinggi,2.0,Tidak,0,0,0,1,Layak,Tidak Terima,Salah Tolak
P,Jauh,2020.0,23.0,Tidak,Ikut,3.65,Wiraswasta,Sedang,4.0,Tidak,0,0,0,1,Layak,Tidak Terima,Salah Tolak
P,Dekat,2020.0,23.0,Tidak,Ikut,3.39,Petani,Rendah,2.0,Tidak,0,0,0,1,Layak,Tidak Terima,Salah Tolak
P,Jauh,2020.0,23.0,Tidak,Ikut,3.74,Wirausaha,Tinggi,1.0,Tidak,0,0,0,1,Layak,Tidak Terima,Salah Tolak
P,Dekat,2020.0,23.0,Tidak,Ikut,3.3,Sudah Meninggal,Tinggi,2.0,Tidak,0,0,0,1,Layak,Tidak Terima,Salah Tolak
P,Dekat,2020.0,23.0,Tidak,Ikut,3.04,Pensiunan,Sedang,2.0,Tidak,0,0,0,1,Layak,Tidak Terima,Salah Tolak
P,Dekat,2020.0,23.0,Tidak,Ikut,2.93,Sudah Meninggal,Sedang,2.0,Tidak,0,0,0,1,Layak,Tidak Terima,Salah Tolak
P,Jauh,2020.0,23.0,Tidak,Ikut,3.13,Petani,Tinggi,2.0,Tidak,0,0,0,1,Layak,Tidak Terima,Salah Tolak
P,Jauh,2020.0,23.0,Tidak,Ikut,3.33,Wiraswasta,Sedang,2.0,Tidak,0,0,0,1,Layak,Tidak Terima,Salah Tolak
P,Jauh,2020.0,23.0,Tidak,Ikut,3.22,Wiraswasta,Tinggi,2.0,Tidak,0,0,0,1,Layak,Tidak Terima,Salah Tolak
P,Jauh,2020.0,23.0,Tidak,Ikut,3.57,PNS,Tinggi,2.0,Tidak,0,0,0,1,Layak,Tidak Terima,Salah Tolak
P,Dekat,2020.0,23.0,Tidak,Ikut,3.3,Pensiunan,Sedang,2.0,Tidak,0,0,0,1,Layak,Tidak Terima,Salah Tolak
P,Dekat,2020.0,23.0,Ikut,Ikut,2.9,Petani,Sedang,2.0,Tidak,0,0,0,0,Layak,Tidak Terima,Salah Tolak
P,Jauh,2020.0,23.0,Ikut,Ikut,3.22,Karyawan Swasta,Tinggi,2.0,Tidak,0,0,0,0,Layak,Tidak Terima,Salah Tolak
L,Dekat,2020.0,21.0,Ikut,Ikut,3.4,Sales Associate,Sedang,1.0,Tidak,0,0,0,0,Layak,Tidak Terima,Salah Tolak
P,Dekat,2020.0,20.0,Tidak,Ikut,3.15,Food Chemist,Rendah,5.0,Tidak,0,0,0,1,Layak,Tidak Terima,Salah Tolak
P,Dekat,2019.0,21.0,Tidak,Ikut,3.4,VP Sales,Sedang,3.0,Tidak,0,0,0,1,Layak,Tidak Terima,Salah Tolak
L,Dekat,2020.0,20.0,Ikut,Ikut,3.19,Web Developer IV,Sedang,4.0,Tidak,0,0,0,0,Layak,Tidak Terima,Salah Tolak
P,Jauh,2020.0,21.0,Ikut,Ikut,3.39,Civil Engineer,Rendah,1.0,Tidak,0,0,0,0,Layak,Tidak Terima,Salah Tolak
P,Dekat,2019.0,20.0,Tidak,Ikut,3.85,VP Product Management,Rendah,4.0,Tidak,0,0,0,1,Layak,Tidak Terima,Salah Tolak
P,Dekat,2020.0,20.0,Ikut,Ikut,3.14,Staff Accountant II,Rendah,3.0,Tidak,0,0,0,0,Layak,Tidak Terima,Salah Tolak
P,Dekat,2020.0,18.0,Tidak,Ikut,3.68,Speech Pathologist,Rendah,3.0,Tidak,0,0,0,1,Layak,Tidak Terima,Salah Tolak
P,Dekat,2020.0,20.0,Tidak,Tidak,3.19,General Manager,Rendah,1.0,Tidak,0,0,0,0,Layak,Tidak Terima,Salah Tolak
L,Dekat,2019.0,20.0,Tidak,Ikut,3.12,Internal Auditor,Tinggi,3.0,Tidak,0,0,0,1,Layak,Tidak Terima,Salah Tolak
P,Dekat,2020.0,20.0,Tidak,Ikut,3.12,Food Chemist,Tinggi,3.0,Tidak,0,0,0,1,Layak,Tidak Terima,Salah Tolak
P,Jauh,2019.0,21.0,Ikut,Ikut,3.33,Safety Technician III,Tinggi,2.0,Tidak,0,0,0,0,Layak,Tidak Terima,Salah Tolak
L,Jauh,2020.0,18.0,Tidak,Ikut,3.85,Data Coordinator,Sedang,2.0,Tidak,0,0,0,1,Layak,Tidak Terima,Salah Tolak
L,Jauh,2020.0,21.0,Tidak,Ikut,3.57,Nurse Practicioner,Sedang,4.0,Tidak,0,0,0,1,Layak,Tidak Terima,Salah Tolak
P,Jauh,2019.0,18.0,Tidak,Ikut,3.15,Marketing Manager,Tinggi,1.0,Tidak,0,0,0,1,Layak,Tidak Terima,Salah Tolak
P,Dekat,2019.0,20.0,Ikut,Ikut,3.54,Structural Analysis Engineer,Tinggi,3.0,Tidak,0,0,0,0,Layak,Tidak Terima,Salah Tolak
P,Jauh,2020.0,21.0,Tidak,Ikut,3.39,Programmer I,Rendah,4.0,Tidak,0,0,0,1,Layak,Tidak Terima,Salah Tolak
L,Dekat,2019.0,20.0,Tidak,Ikut,3.41,Engineer III,Sedang,1.0,Tidak,0,0,0,1,Layak,Tidak Terima,Salah Tolak
P,Dekat,2019.0,18.0,Tidak,Ikut,3.76,Environmental Tech,Rendah,2.0,Tidak,0,0,0,1,Layak,Tidak Terima,Salah Tolak
P,Dekat,2020.0,20.0,Tidak,Tidak,3.39,VP Accounting,Rendah,3.0,Tidak,0,0,0,0,Layak,Tidak Terima,Salah Tolak
L,Jauh,2020.0,20.0,Tidak,Ikut,3.76,Automation Specialist IV,Sedang,1.0,Tidak,0,0,0,1,Layak,Tidak Terima,Salah Tolak
L,Jauh,2020.0,20.0,Tidak,Tidak,3.39,VP Marketing,Rendah,1.0,Tidak,0,0,0,0,Layak,Tidak Terima,Salah Tolak
P,Jauh,2019.0,18.0,Tidak,Ikut,3.39,Geological Engineer,Sedang,1.0,Tidak,0,0,0,1,Layak,Tidak Terima,Salah Tolak
P,Dekat,2020.0,20.0,Ikut,Ikut,3.33,Software Engineer III,Sedang,1.0,Tidak,0,0,0,0,Layak,Tidak Terima,Salah Tolak
P,Jauh,2020.0,18.0,Tidak,Tidak,3.68,Social Worker,Sedang,1.0,Tidak,0,0,0,0,Layak,Tidak Terima,Salah Tolak
P,Dekat,2020.0,21.0,Tidak,Ikut,3.33,Actuary,Rendah,5.0,Tidak,0,0,0,1,Layak,Tidak Terima,Salah Tolak
P,Jauh,2019.0,21.0,Tidak,Ikut,3.18,VP Accounting,Tinggi,5.0,Tidak,0,0,0,0,Layak,Tidak Terima,Salah Tolak
P,Dekat,2019.0,20.0,Tidak,Ikut,3.68,Senior Quality Engineer,Tinggi,3.0,Tidak,0,0,0,1,Layak,Tidak Terima,Salah Tolak
P,Dekat,2019.0,20.0,Tidak,Ikut,3.19,Recruiting Manager,Tinggi,2.0,Tidak,0,0,0,1,Layak,Tidak Terima,Salah Tolak
P,Dekat,2020.0,18.0,Tidak,Ikut,3.54,Product Engineer,Sedang,3.0,Tidak,0,0,0,1,Layak,Tidak Terima,Salah Tolak
P,Dekat,2020.0,21.0,Ikut,Ikut,3.5,Internal Auditor,Sedang,4.0,Tidak,0,0,0,0,Layak,Tidak Terima,Salah Tolak
L,Dekat,2019.0,18.0,Tidak,Ikut,3.39,Teacher,Sedang,3.0,Tidak,0,0,0,1,Layak,Tidak Terima,Salah Tolak
L,Dekat,2020.0,20.0,Tidak,Ikut,3.19,Civil Engineer,Tinggi,4.0,Tidak,0,0,0,1,Layak,Tidak Terima,Salah Tolak
L,Dekat,2020.0,18.0,Ikut,Ikut,3.17,Web Designer III,Tinggi,1.0,Tidak,0,0,0,0,Layak,Tidak Terima,Salah Tolak
P,Jauh,2020.0,20.0,Tidak,Ikut,3.5,Senior Developer,Tinggi,5.0,Tidak,0,0,0,0,Layak,Tidak Terima,Salah Tolak
P,Dekat,2019.0,21.0,Tidak,Ikut,3.14,Programmer Analyst II,Tinggi,5.0,Tidak,0,0,0,0,Layak,Tidak Terima,Salah Tolak
P,Dekat,2020.0,18.0,Ikut,Ikut,3.11,Legal Assistant,Tinggi,1.0,Tidak,0,0,0,0,Layak,Tidak Terima,Salah Tolak
P,Dekat,2020.0,20.0,Ikut,Ikut,3.33,Web Developer IV,Rendah,1.0,Tidak,0,0,0,0,Layak,Tidak Terima,Salah Tolak
L,Jauh,2019.0,20.0,Tidak,Ikut,3.68,Pharmacist,Rendah,1.0,Tidak,0,0,0,1,Layak,Tidak Terima,Salah Tolak
P,Dekat,2018.0,20.0,Tidak,Ikut,3.19,Staff Accountant I,Rendah,2.0,Tidak,0,0,0,1,Layak,Tidak Terima,Salah Tolak
P,Jauh,2020.0,21.0,Ikut,Ikut,3.1,Nuclear Power Engineer,Sedang,2.0,Tidak,0,0,0,0,Layak,Tidak Terima,Salah Tolak
P,Jauh,2019.0,20.0,Tidak,Ikut,3.0,Senior Quality Engineer,Rendah,2.0,Tidak,0,0,0,1,Layak,Tidak Terima,Salah Tolak
P,Dekat,2020.0,18.0,Tidak,Ikut,3.39,Editor,Rendah,4.0,Tidak,0,0,0,1,Layak,Tidak Terima,Salah Tolak
L,Dekat,2020.0,20.0,Tidak,Ikut,3.54,Health Coach IV,Sedang,4.0,Tidak,0,0,0,1,Layak,Tidak Terima,Salah Tolak
P,Dekat,2020.0,21.0,Tidak,Tidak,3.41,Accounting Assistant III,Sedang,1.0,Tidak,0,0,0,0,Layak,Tidak Terima,Salah Tolak
L,Dekat,2018.0,21.0,Tidak,Ikut,3.57,VP Accounting,Sedang,1.0,Tidak,0,0,0,1,Layak,Tidak Terima,Salah Tolak
P,Dekat,2019.0,21.0,Tidak,Tidak,3.13,Staff Accountant IV,Tinggi,2.0,Tidak,0,0,0,0,Layak,Tidak Terima,Salah Tolak
P,Dekat,2019.0,20.0,Tidak,Ikut,3.11,Web Designer IV,Sedang,1.0,Tidak,0,0,0,1,Layak,Tidak Terima,Salah Tolak
P,Jauh,2020.0,20.0,Tidak,Ikut,3.39,Senior Quality Engineer,Tinggi,3.0,Tidak,0,0,0,1,Layak,Tidak Terima,Salah Tolak
P,Dekat,2019.0,21.0,Tidak,Ikut,3.39,Analog Circuit Design manager,Sedang,1.0,Tidak,0,0,0,1,Layak,Tidak Terima,Salah Tolak
L,Jauh,2020.0,20.0,Tidak,Ikut,3.11,Web Developer III,Sedang,5.0,Tidak,0,0,0,1,Layak,Tidak Terima,Salah Tolak
P,Dekat,2020.0,20.0,Tidak,Ikut,3.14,Analog Circuit Design manager,Rendah,2.0,Tidak,0,0,0,1,Layak,Tidak Terima,Salah Tolak
P,Jauh,2019.0,18.0,Tidak,Ikut,3.54,Research Assistant III,Rendah,1.0,Tidak,0,0,0,1,Layak,Tidak Terima,Salah Tolak
P,Dekat,2019.0,21.0,Ikut,Ikut,3.18,VP Sales,Rendah,2.0,Tidak,0,0,0,0,Layak,Tidak Terima,Salah Tolak
L,Dekat,2020.0,21.0,Tidak,Ikut,3.57,Chief Design Engineer,Sedang,1.0,Tidak,0,0,0,1,Layak,Tidak Terima,Salah Tolak
L,Dekat,2020.0,20.0,Tidak,Tidak,3.68,Product Engineer,Tinggi,1.0,Tidak,0,0,0,0,Layak,Tidak Terima,Salah Tolak
P,Dekat,2020.0,18.0,Ikut,Ikut,3.41,Safety Technician III,Rendah,3.0,Tidak,0,0,0,0,Layak,Tidak Terima,Salah Tolak
L,Dekat,2019.0,21.0,Ikut,Ikut,3.57,VP Accounting,Sedang,2.0,Tidak,0,0,0,0,Layak,Tidak Terima,Salah Tolak
P,Dekat,2020.0,21.0,Tidak,Tidak,3.13,Paralegal,Tinggi,2.0,Tidak,0,0,0,0,Layak,Tidak Terima,Salah Tolak
P,Dekat,2020.0,20.0,Tidak,Tidak,3.1,Civil Engineer,Rendah,1.0,Tidak,0,0,0,0,Layak,Tidak Terima,Salah Tolak
L,Dekat,2020.0,20.0,Tidak,Ikut,3.39,Nuclear Power Engineer,Sedang,4.0,Tidak,0,0,0,1,Layak,Tidak Terima,Salah Tolak
L,Dekat,2020.0,21.0,Tidak,Tidak,3.14,Human Resources Assistant I,Tinggi,2.0,Tidak,0,0,0,0,Layak,Tidak Terima,Salah Tolak
L,Jauh,2019.0,20.0,Tidak,Ikut,3.4,Staff Scientist,Rendah,2.0,Tidak,0,0,0,1,Layak,Tidak Terima,Salah Tolak
